E:\downloads_backup\298_kym_emiko.mp4,9434ac0f782a79fe5610a40e4c307e6d880670310603a412cf423a8bc34a6291,0001-01-01,Unknown,kym|emiko,,
E:\downloads_backup\326_kym_emiko.mp4,99de1d6a2b218d1de7c13c84f29673273d6ed1da56ad8bde5858012756ed1459,0001-01-01,Unknown,kym|emiko,,
E:\downloads_backup\3852_Lystra.mp4,7334129ba9b5202b5804647c3eec575f68c14769399b4a819947af86da8cf059,0001-01-01,Unknown,,,3852
E:\downloads_backup\42219_frfr.mp4,6fe36a45588674e00fcf8ac859ece3702249f6a6fd44597ea1461baf954a4e43,0001-01-01,Unknown,,,frfr|42219
E:\downloads_backup\44156_chloeanna.mp4,3e602601ef9efbf94de36ab72801947ba0b7f5691c9b8e8752d692693ad2d58a,0001-01-01,Unknown,,,chloeanna|44156
E:\downloads_backup\BriefImpressionableHectorsdolphin-mobile.mp4,9175e042e75f8e9f9b12504e470ea397e20e6617b6b11c2b1856a9e29e623286,0001-01-01,EroMe,,,
E:\downloads_backup\DefinitiveDelectableEquine-mobile.mp4,2d400922940abedede2c57415bc91cc7190dfe85843cfbdb052433558cebb825,0001-01-01,EroMe,,,
E:\downloads_backup\ElementaryShimmeringGar-mobile.mp4,9702f41c37fddfc9d7480d7566f244f3a85961ecab4ed64b3d02a163eb3e7e09,0001-01-01,EroMe,gar,,
E:\downloads_backup\EnergeticFrailAustraliankelpie-mobile.mp4,d7473f73e8d30b54b2d817c230db345d33c2635be827756bf309407531e3d2b5,0001-01-01,EroMe,,,
E:\downloads_backup\EuphoricAlarmingIndianjackal-mobile.mp4,dfeb9eeef1254806e5e89655b8488c51ea235413a72ec404e22f5298667224ae,0001-01-01,EroMe,,,
E:\downloads_backup\ForkedAgitatedDorado-mobile.mp4,7bfa23e948ee8ebab5d5e0d23a4c111eb6fa7491e9c2e094d20174ad6dec0c89,0001-01-01,EroMe,,,
E:\downloads_backup\HastyHappygoluckyBug-mobile.mp4,f51f98dffdb2304908b5747e30a66b82f7f5eda44759ecb1e9377590ac655397,0001-01-01,EroMe,hasty,,
E:\downloads_backup\JOSEE SE MONTRE Txxx.com.mp4,ea531716bbbab6135cb504496d7213817c75f5b401d9272635fa99bb5a0de35c,0001-01-01,Streaming,se|josee|montre,,
E:\downloads_backup\NegativeVacantBoar-mobile.mp4,255c3e5c22bd5f8d710950cb76011defe5b40da972c1eda423364156980c2b98,0001-01-01,EroMe,,,
E:\downloads_backup\prev_19334793.mp4,92d05e262d2f99d182b872c8250d20bc4da000dfc924094b0c59cf89f0debbbf,0001-01-01,Streaming,,,19334793|prev
E:\downloads_backup\prev_20688393.mp4,7de2dd6e9f391ef78cdf6e1d8b219d4ccb1347f9750c74d33a71f29a05683dc5,0001-01-01,Streaming,,,prev|20688393
E:\downloads_backup\ScornfulDazzlingBluebird-mobile.mp4,4a7a6c285741821c6d2cfbf908a32b7fee1935a691b425d46116f05f62fd5669,0001-01-01,EroMe,,,
E:\downloads_backup\ShockingBlankJaguarundi-mobile.mp4,b0934b2511f5c3f8decf462d16faa63b75d445bc915486505e0c376e35e3fbc5,0001-01-01,EroMe,,,
E:\downloads_backup\SophisticatedTepidBantamrooster-mobile.mp4,ab67f0171ce6171a292b5b7a3e5bbdda2a0c58c6602e775bd290f6058a5883dd,0001-01-01,EroMe,,,
E:\downloads_backup\u0938u0941u0902u0926u0930 u0939u0938u094du0924u092eu0948u092.mp4,51a9fc8117ca76d8c543440a3dbf24e97b2b42e9a918ecd8e39e8f394c502afb,0001-01-01,Streaming,,,u0939u0938u094du0924u092eu0948u092|u0938u0941u0902u0926u0930
E:\downloads_backup\Nerdy Girl has Great Solo Cum Show Closeup and Eating - Bing.mp4,6a30a94f399afd124a38a05d73ee17fca194718c1589f4999dc09abdb5989e37,0001-01-01,Streaming,solo|girl|bing|great,,
E:\downloads_backup\ThirstyHairyGlassfrog-mobile.mp4,5160a08f4f309199319d5ec5c809555a58dd9f86dedf02e13393742fd5c09b4e,0001-01-01,EroMe,,,
E:\downloads_backup\PornMegaLoad.18.04.17.Busty.Tina.Voluptuous.And.Wet.XXX.1080p.mp4,dfd931de06f64f28d1beb4254a778a9d5b84d9045331e4c7a1c9e27fdc3af7e7,2018-04-17|2017-04-18,PornMegaLoad,tina|mega,,
E:\downloads_backup\MilfsLikeItBig.19.10.07.Aubrey.Black.A.Step.Above.My.Husband.XXX.1080p.mp4,4673fc6d801df9f0ccd1b79f9da16ccf47787cf8f33ffc956794b1365df2739f,10/7/2019,MilfsLikeItBig,like|black|aubrey|my,,
E:\downloads_backup\BlackForWife.19.10.05.Kyler.Quinn.Kylers.Pictures.Of.Us.Fucking.XXX.1080p.mp4,e4000e8f4da77211e9d91a5fb68170dd8432eb73bcc2a53aeec56f6f0ca716f6,10/5/2019,BlackForWife,quinn|black|kyler,,
E:\downloads_backup\Cuck films Wife fucked by Black Lover(interracial cuckold) --1.mp4,d4b21eeea0e6d0f0b131e5d3b6c1a9ad9a0c4b4a939756a1a02d59a93ef98130,0001-01-01,Streaming,black,,
E:\downloads_backup\Cuck films Wife fucked by Black Lover(interracial cuckold) -.mp4,d4b21eeea0e6d0f0b131e5d3b6c1a9ad9a0c4b4a939756a1a02d59a93ef98130,0001-01-01,Streaming,black,,
E:\downloads_backup\White wife with black man - Amateur Interracial Homemade - B.mp4,92ef946641b9793f8f5b6889ae04f1a96f437ffa9a54177734b8562634e42121,0001-01-01,Streaming,man|white|black,,
E:\downloads_backup\wife trying black cock for husband part1 - Bing video-1.mp4,5ea403e118b7322ab5b54fc9c3008dcf88c2608c865c8ed659c04eab31132357,0001-01-01,Streaming,bing|black,,
E:\downloads_backup\wife trying black cock for husband part1 - Bing video.mp4,4c9aea5109d32501e52bfbd5e0aa0d91917475d2a9d70e0cc9d12f3ec051c2d6,0001-01-01,Streaming,bing|black,,
E:\downloads_backup\16840_Melissa_Jacobs.mp4,a9ece3b49a7f9d88571de344021cb5487fac67676a0c3015aa613b6116076063,0001-01-01,Unknown,jacobs|melissa,,
E:\downloads_backup\BrazzersExxtra.19.10.11.Kira.Noir.Dirty.Double.Dare.XXX.1080p.mp4,67dc3b474c1d4e2ef371ae5de7f7fa1971a446a18042c40fb57fde485cfc023b,10/11/2019,BrazzersExxtra,kira|noir|dare,Kira Noir,
E:\downloads_backup\BrothaLovers.19.10.12.Jenna.Marie.XXX.1080p.mp4,c5184c6026dec8b8456229eb6182995881ac0001c8f64cf47713cb143e4655d8,10/12/2019,BrothaLovers,jenna|marie,,
E:\downloads_backup\43238_CharlotteSartre_DeeWIlliams.mp4,5d1707260b856c8bf17662396bc84984edfc5a940aeb633c37e3abfda8e993ed,0001-01-01,Unknown,dee|sartre|charlotte,Charlotte Sartre,
E:\downloads_backup\Cyndi Sinclair's not so Bedtime Stories BMovie TV 3-24-19 - .mp4,e43ae943007069367a6dd7cc12724d9fcc761a98bab4e9ac5bcb040999bc237f,3/24/2019,Unknown,so|sinclair|not|cyndi,,19
E:\downloads_backup\41216_deviant.mp4,8d4c8871a5aedd35d2dd5ef3c4e95119e9f0e6873ca605314a926b4714a5e15d,0001-01-01,Unknown,,,deviant|41216
E:\downloads_backup\43386_Alina_Dani_Skin.mp4,d33fabf78ab94fb33f910911d1beac7b65df6dc8be33b806f8f871d8559b79ae,0001-01-01,Unknown,dani|skin|alina,,
E:\downloads_backup\20829.mp4.mp4,3361fa8a021db341081efd9a313e5fb171e501e4a8df22b08a5afee2acfeffa6,0001-01-01,Streaming,,,20829
E:\downloads_backup\46015.mp4.mp4,2db4e60ece146d6c83bcdfe1b890c17eaf1f7bc07790e18ca2a8cc8f4694b175,0001-01-01,Streaming,,,46015
E:\downloads_backup\CarolineV1-1.mp4 - Bing video.mp4,93e60d403b7854bce34dc7e20844437ff40a2f22153b8b322fd82e2bf0c0ded1,0001-01-01,Streaming,caroline|bing,,
E:\downloads_backup\Cum in me Daddy JOI Roleplay from Sexyredfox89 - Bing video.mp4,7d52858f52056c3aac4f28d2d30b324a3151cc244d5b23470f82dbacbac5b9ff,0001-01-01,Streaming,bing|me|joi|in|daddy,,
E:\downloads_backup\Did you ask me to suck your dick - Bing video.mp4,0fcbd67917113312e7340374ebd4171b433419d26c348dc8a80315e3dd6a9d26,0001-01-01,Streaming,you|bing|dick|me,,
E:\downloads_backup\Me My Mom And BBC - Bing video.mp4,c760f1775de4caae40b120c9e7b44057c2f1b20dc34f02f2764b93172b471550,0001-01-01,Streaming,bing|me|my,,
E:\downloads_backup\Mom Made Me Impregnate Aunt Mallory Sierra FULL VERSION - Bi.mp4,38a8bb419b929a99e1d5956f5763a7c706aa8818d5df20b64c35e742a708afc9,0001-01-01,Streaming,sierra|mallory|me,,
E:\downloads_backup\Pillow talk  EroMe.mp4,163fd8354861fc612f527c568aeb45f7c82f6ec9a2be0478d54ab69c6429aaff,0001-01-01,EroMe,me|ero,,
E:\downloads_backup\45293_StarlightHexxx.mp4,dd46badb0b204c4b3bb3c37b90087acc29df82eacab79285ec54fac76f050203,0001-01-01,Unknown,starlight,,
E:\downloads_backup\EvolvedFightsLez.19.04.10.Ariel.X.And.Bella.Rossi.XXX.1080p.mp4,8712334d9bfc5458fa9bd9d4578d84f60a6a8e57c0a8cb7a6f46fd44297b1d0e,4/10/2019,EvolvedFightsLez,rossi|bella|ariel|x,Bella Rossi|Ariel X,
E:\downloads_backup\EvolvedFightsLez.19.04.17.Dee.Williams.And.Gabriella.Paltrova.XXX.1080p.mp4,6cf919babb253f8af829b68b3dba7af49dc41be27530d709e30ec186860d0f23,2017-04-19|2019-04-17,EvolvedFightsLez,dee|paltrova|gabriella|williams,Dee Williams|Gabriella Paltrova,
E:\downloads_backup\EvolvedFightsLez.19.04.24.Charlotte.Sartre.And.Lydia.Black.XXX.1080p.mp4,dc75871e9636184174aa621f6f2885271c62aee4d31d24659e5b9aba64d2335e,4/24/2019,EvolvedFightsLez,lydia|black|sartre|charlotte,Charlotte Sartre,
E:\downloads_backup\EvolvedFightsLez.19.05.08.Brandi.Mae.Serene.Siren.And.Sofie.Marie.XXX.1080p.mp4,dc5ed6f366aaa89959feeda1a1c26e0c1c8ef54e4dafb95139c9f81ea356e766,5/8/2019,EvolvedFightsLez,serene|mae|brandi|sofie|siren|marie,,
E:\downloads_backup\InfernalRestraints.19.08.30.Arielle.Aquinas.Tabernacle.Torment.XXX.720p.mp4,fc338b8e1f55f320e9992fd789bff9c37801f22f774cea3beff5b6334a4183db,8/30/2019,InfernalRestraints,aquinas|arielle,,
E:\downloads_backup\22881_Tia.mp4,417c65cbcd9e4408caa1cd7549120225f225f1c11f127bc6ce3d7e733b1461a5,0001-01-01,Unknown,tia,,22881
E:\downloads_backup\26928_Tia_Ariel_Chanel.mp4,d0370c4ccc7dd97c74d097b7ff20e55dbea8f372ce4c0b567f29b38131e112b6,0001-01-01,Unknown,chanel|tia|ariel,,
E:\downloads_backup\28191_TiaLing.mp4,d875ecf37c5e4d8e885eb9bbca67769b3b8449974159ea7ff22bfb6a9d5363cb,0001-01-01,Unknown,tia|ling,Tia Ling,
E:\downloads_backup\5886_bobbi_tia.mp4,b771f4db4b06241492a9b4282715081cc903850c9a23c19cfffb9652af500e8e,0001-01-01,Unknown,bobbi|tia,,
E:\downloads_backup\Alli.Black.2.(The.Little.Engine.That.Could)-FaceFucking-FacialAbuse-Episode.mp4,9866814ecb2dc67fcfa8c101d0695d450d7af8d80c5426302d64d264b8996d21,0001-01-01,FacialAbuse,little|the|alli|black,,
E:\downloads_backup\Amara.Romani.(Two.Dicks.And.Stomach.Sauce)-FaceFucking-FacialAbuse-Episode.mp4,3c69b4ba050b9d8efb7b7c79f0940b39b487f3cdd3f499448a68629e406b4e27,0001-01-01,FacialAbuse,romani|amara,,
E:\downloads_backup\Amelia.Dire.4.They.Left.One.Bag.On.The.Curb-FacialAbuse.17.12.19.Episode.mp4,4ddd6a6940cf3c10da1f90a9884aa5c5d1616401597f83d55037946c87e82563,2019-12-17|2017-12-19,FacialAbuse,the|amelia,,
E:\downloads_backup\Amelia.Dire.6.(Whore.Mysterio)-FaceFucking-FacialAbuse-Episode.mp4,56a2cce5784e3876e5973c6cbfd5fd86a1ce8025c629507d314b91f51f2a16d8,0001-01-01,FacialAbuse,amelia,,
E:\downloads_backup\Angelina.Diamanti.(Skin.Bones.and.Bolt.Ons)-FaceFucking-FacialAbuse-Episode.mp4,0328cf06e2bd5bd79ad46a70871292a53ed49f038e6407f2168e4610fde46bbc,0001-01-01,FacialAbuse,angelina|skin,,
E:\downloads_backup\Arietta.Adams.Hick.And.Two.Dicks-FaceFucking-FacialAbuse-Episode.mp4,ae79993e246d563ea9d3634f8854550af0867e925d91e265e8ea373e30c5bb8c,0001-01-01,FacialAbuse,arietta|adams,Arietta Adams,
E:\downloads_backup\Asian.But.Not.Asian.Enough-FaceFucking-FacialAbuse.18.01.20-Episode.mp4,471a8f55eb4256fd0ad02e71b17e1fe346acd9aaff5bbd8838026502a181a0ea,1/20/2018,FacialAbuse,asian|not,,
E:\downloads_backup\Carolina.Cannes.(A.Cuck.Lives.At.Home)-FaceFucking-FacialAbuse-Episode.689 2.mp4,8c7d4b2304cbacedd642e02f7b5b1747e76c05bd0045cbf488c75cab38a19b59,0001-01-01,FacialAbuse,carolina|lives,,
E:\downloads_backup\Casey.Ballerini.19.Supple.And.Pliable-FaceFucking-FacialAbuse-Episode.mp4,f14adacd8916e38a2e153d920860c8622f534cae4fca9e913bd1f48276af1af8,0001-01-01,FacialAbuse,casey|ballerini,,
E:\downloads_backup\Emma.Haize.2.(Skeletor)-FaceFucking-FacialAbuse-Episode.mp4,b276b3218479130486e4daa9d6debe1e6659c5731a2593d1b8f1ae7ea67002cf,0001-01-01,FacialAbuse,emma|haize,Emma Haize,
E:\downloads_backup\First.Facial.Ever-FaceFucking-FacialAbuse-Episode.mp4,f8003bfa34e356fa02139607fe116098d31cfde908d7398f55827da5ca9b7fd4,0001-01-01,FacialAbuse,ever,,
E:\downloads_backup\Fucked.In.The.Ass-FaceFucking-FacialAbuse-Episode.mp4,478f51884d9d01c45321e37972cb7f478c9e2a45d4e2c8daecff32d9ae026ab9,0001-01-01,FacialAbuse,the|in,,
E:\downloads_backup\Jezebeth.(Good.Sharmuta)-FaceFucking-FacialAbuse-Episode.mp4,58ae75e074fa5fd84a09047f10a6804dd0a41f8b98f111b0065f13bb5df91c35,0001-01-01,FacialAbuse,,,
E:\downloads_backup\Jezebeth.2.(Cum.Kabob)-FaceFucking-FacialAbuse-Episode.mp4,31941429b99b8b4745c47efad435fe8ee92ff79158c19938eca13c879379f91d,0001-01-01,FacialAbuse,,,
E:\downloads_backup\Kinsley.Anne.(Ive.Never.Deep.Throated.Before)-FaceFucking-FacialAbuse-Episode.mp4,580e8eed85a254611e55bd14df759ca92a7330cf50cc78cabd50cef4560fd094,0001-01-01,FacialAbuse,anne|ive|deep|kinsley,,
E:\downloads_backup\Layla.Evee.(Reluctant.Face.Fuck)-FaceFucking-FacialAbuse-Episode.mp4,d48a5b65b4f93d05985fac828dc72f5c9541b06ecc62affda69b8a788b98ed4b,0001-01-01,FacialAbuse,evee|layla,,
E:\downloads_backup\Layla.Love.(Temporary.Whore.Bowl)-FaceFucking-FacialAbuse-Episode.mp4,ccb77e8dc40c51a7bcb633c69160fd2617c2b4313359d9817841a802d3c03b7a,0001-01-01,FacialAbuse,layla|love,,
E:\downloads_backup\London.River.(Women.Crave.This)-FaceFucking-FacialAbuse-Episode.mp4,0782762c19a09bcbdb6e61cfd5cbb324687320f496509d9190fca6772ab02cc2,0001-01-01,FacialAbuse,river|london,London River,
E:\downloads_backup\Lucy.Valentine.Sullen.19.year.old-FaceFucking-FacialAbuse-Episode.mp4,20ab7e4bde59390603df33c19a5dfb513267c5ebc6f97a2be558d14ea8eeceb3,0001-01-01,FacialAbuse,lucy|valentine,,
E:\downloads_backup\Mallory.Maneater.3.Operation.Honk-FaceFucking-FacialAbuse-Episode.mp4,da1426d5eb09ec03d346a6d586898a144c27e2f1311953d5428949f0eb39b865,0001-01-01,FacialAbuse,mallory,,
E:\downloads_backup\Mandy.Meadows.2.(Irreverence.And.Sodomy)-FaceFucking-FacialAbuse-Episode.mp4,75ab8760d9a6c92fc34a447075dbdb066eed94e9456129e9282046cbab38db69,0001-01-01,FacialAbuse,mandy,,
E:\downloads_backup\Mandy.Meadows.Sponge.Bob.Flat.Ass-FaceFucking-FacialAbuse-Episode.mp4,863aeab503a6a5f0e0ea7d39b994d9e8452755d9d3ea83513a3cb629b2e8f276,0001-01-01,FacialAbuse,bob|mandy,,
E:\downloads_backup\Maria.Jade.(Stupid.Fake.Blonde.Cunt)-FaceFucking-FacialAbuse-Episode.mp4,c036f69546e0385768dffd3dc61acdea1c41623628b0a3eb8f5211f4efe03d22,0001-01-01,FacialAbuse,jade|maria,,
E:\downloads_backup\MDDS Tia Ling and Becky Squirts BBC Interracial Orgy - Bing .mp4,935a9295dc9a2e8ad58f0797878d6176f1f59b571713483b36ff639946bb50df,0001-01-01,FacialAbuse,becky|bing|tia|ling,Tia Ling,
E:\downloads_backup\Nickey.Huntsman.At.Least.It.Ended.In.Tears-FacialAbuse.17.12.01-Episode.mp4,e83991140c05234898481a6f9e922d9ad05c59784e8545ad6d5b8f2fe5f14a26,12/1/2017,FacialAbuse,nickey|in,,
E:\downloads_backup\Nikki.Nine.(Back.On.Your.Back)-FaceFucking-FacialAbuse-Episode.mp4,d00a0b15ef61eb61584e6ffa9b0e7093bb6713ec680f6042c56c2a419db11442,0001-01-01,FacialAbuse,nikki,,
E:\downloads_backup\Nikki.Nine.2.(Bolted.On.Dicked.Down)-FaceFucking-FacialAbuse-Episode.mp4,9990dacd6721a17408151b4c489568ac6d750bbc95d51f59ef6314c0fe88d807,0001-01-01,FacialAbuse,down|nikki,,
E:\downloads_backup\Orion.Starr.4.(Ass.Kicking.Received)-FaceFucking-FacialAbuse-Episode.mp4,693b2e522ecedef93d2d61bdddb1280413f6a0d544e5ef33516d8b4088da236d,0001-01-01,FacialAbuse,starr|orion,,
E:\downloads_backup\Shyla.Ray.2.Teen.Tart-FaceFucking-FacialAbuse-Episode.mp4,3c0b5445f8af28ed727407d7fd6d720959a0dc7a02e5c46c3963526bfee27b18,0001-01-01,FacialAbuse,shyla|ray,,
E:\downloads_backup\Shyla.Ray.Ana.is.Mia-FaceFucking-FacialAbuse-Episode.mp4,aa3dd4d11361b9bc432449f055adcb6c61ac743377ccd08c57f191f859d76a58,0001-01-01,FacialAbuse,shyla|ray|ana|mia,,
E:\downloads_backup\Siouxsie.Q.2.(Respect.and.Admiration)-FaceFucking-FacialAbuse-Episode.mp4,e150199ca5451be5168df82c645eb5c06b7d37f9de8d2330b5d9742a4ccdecd2,0001-01-01,FacialAbuse,siouxsie,,
E:\downloads_backup\Sum.Ting.Wong-FaceFucking-FacialAbuse.17.09.09-Episode.mp4,382e0dc1bc70e0eb088f3549b20208f29eea46ffeb72c37765b670fd9ba475fd,9/9/2017,FacialAbuse,wong|ting,,
E:\downloads_backup\Summer.Chase.(Hooters.Hooters.Yum.Yum.Yum)-FacialAbuse-Episode.mp4,f144c2af051ae850f7a86d7e006a56ed0bb0cdebe80a92b84ee978619edb5813,0001-01-01,FacialAbuse,summer|chase,,
E:\downloads_backup\Summer.Chase.3.Pendulous.Cow.Tits-FaceFucking-FacialAbuse-Episode.mp4,df9f5714c64b29ed9386accc3e1419703dcd69936f509be50cfb3d86042c57d8,0001-01-01,FacialAbuse,summer|chase,,
E:\downloads_backup\Summer.Chase.4.Large.Tits.Small.Brain-FaceFucking-FacialAbuse-Episode.mp4,90e0482c4afc3938d326e77fe2d8887cf768e50b95085fa29db205aa57057999,0001-01-01,FacialAbuse,summer|brain|chase,,
E:\downloads_backup\The Asian MILF Tia Ling double fucked by a machine - Bing vi.mp4,91c4a4ba4e064480daba99d59d34023bb8b6a06343baee44dcb89458f2726ec2,0001-01-01,Streaming,vi|bing|ling|the|asian|tia,Tia Ling,
E:\downloads_backup\Tia Ling - Bing video.mp4,2ecb838c22a1401072a190afb4422465537f98542c624e3cde7162ad418e3863,0001-01-01,Streaming,bing|tia|ling,Tia Ling,
E:\downloads_backup\tia ling solo - Bing video.mp4,e3137b9d546b59b24d4de127983c8ca6b4d3d13f66f90080b87868cd5c69dff1,0001-01-01,Streaming,solo|bing|tia|ling,Tia Ling,
E:\downloads_backup\Tia Ling Stuffing her Snatch with some Massive Dildos - Bing.mp4,ddb4e2c50b3f36970acb552f425b469d757ec4379fd86160e1056f9c60bce79a,0001-01-01,Streaming,bing|tia|ling|her,Tia Ling,
E:\downloads_backup\Tia Ling Takes On Mandingo - Bing video.mp4,1220282252f3af280907216fd3ce6f87cccdd0c94f5b8f54aadff52315545b95,0001-01-01,Streaming,bing|tia|ling,Tia Ling,
E:\downloads_backup\Violet.Sky.They.Are.Happy.Tears-FaceFucking-FacialAbuse.17.09.23-Episode.mp4,23ffa886377bd439cc07d992af51383e15bc3a7852135792b78d20876443083e,9/23/2017,FacialAbuse,happy|violet|sky,,
E:\downloads_backup\Willow.Winters.Dumb.18.Year.Old.Blonde-FaceFucking-FacialAbuse.17.08.18-Episode.mp4,aec05bd27fe7c451e13aeb3505c0ad23fe965c46e8e01ff10cbee7e62c0896a6,2018-08-17|2017-08-18,FacialAbuse,willow,,
E:\downloads_backup\Zoe.Clark.(Helpless.And.Reluctantly.Turned.Out)-FaceFucking-FacialAbuse-Episode.mp4,3282a5da504bbb52883c4d7fa260ae744c58555e95e1e186aeb5a7000fed2f33,0001-01-01,FacialAbuse,zoe|clark,,
E:\downloads_backup\FreakMobMedia.19.10.15.Big.Black.Cock.For.Alexis.Andrews.XXX.1080p.mp4,0f389ce8e5f6f33be6151930fb83cfe4a33592b08607fc7873035ce6ffa32f55,2019-10-15|2015-10-19,FreakMobMedia,alexis|media|black|andrews,,
E:\downloads_backup\39566_annie_cherry.mp4,d724b05cc28a51e43e378fb0ea736c6129fb04eb5d763e16be6229eb4aa6cb77,0001-01-01,Unknown,annie|cherry,,
E:\downloads_backup\4096_Harmony_Annie_Lorelei.mp4,d3487954b570fb45eefde42a1bfaf7b2188334857d4dbab5c03a8805bcd2881d,0001-01-01,Unknown,lorelei|annie|harmony,Harmony,
E:\downloads_backup\5057_Amber_Annie_Isis.mp4,d214f9e6c785fd5da1a03297adeb6cee7525758b5e3b1b40d8ae6bb6a14b8f67,0001-01-01,Unknown,isis|annie|amber,,
E:\downloads_backup\Naomi.Quinn.Tennis.Anyone-GhettoGaggers-Episode.mp4,408dc4cdd65f57a579afc5872bc534d916660ce2f80294e9dc9b733b90f7d205,0001-01-01,GhettoGaggers,tennis|quinn|naomi,,
E:\downloads_backup\Doris Dawn demonstrates her body and hairy pussy on the couc.mp4,260c8d69d5d02dd3260353379b265070a3da18bc204824f0183d83ba44f2584c,0001-01-01,Streaming,dawn|the|her|doris,,
E:\downloads_backup\GloryHole.19.10.14.Violet.Myers.XXX.1080p.mp4,9fb9a2200124baab8cc61ffa681f6418bfdf0757a7c6c4d6936305e665f9c6ec,2014-10-19|2019-10-14,GloryHole,myers|violet|glory,,
E:\downloads_backup\FutileStruggles.Luna.Makes.Adara.Her.Pony.Girl.XXX.720p.mp4,51e038e4e7d64240902f64a5a4d472d8ea281858916fe4288a0c651b8a22ce29,0001-01-01,FutileStruggles,girl|luna|adara|her,,
E:\downloads_backup\IsiahMaxwellXXX.19.10.12.Kyra.Rose.Gets.Her.Rose.Filled.XXX.1080p.mp4,014e7f45308d2fcad6cb85930ae2d3d4c71b0b4d4185220813391cf88c9f8d22,10/12/2019,IsiahMaxwellXXX,maxwell|rose|kyra|her|isiah,,
E:\downloads_backup\PornMegaLoad.19.10.08.Amber.Dawn.And.Her.Many.Toys.XXX.1080p.mp4,7b0de2a3e1c6282410fc9f5769286f8320c11c1f103977c5a9ae822b955761ff,10/8/2019,PornMegaLoad,amber|mega|her|many|dawn,,
E:\downloads_backup\BogusDisastrousHog-mobile.mp4,7d1753a3be6fb71968fdafc4f25e0b338bfb5b03a20509a28a5b78dcee9c67a5,0001-01-01,EroMe,,,
E:\downloads_backup\ClubTug.19.02.13.Alyssa.Hart.XXX.1080p.mp4,c4430a04a0254f16d817f4b2bab9fbfd67a4e2164d8e27cf322d922869d2a1e2,2/13/2019,ClubTug,hart|alyssa|tug,,
E:\downloads_backup\Tiny4K.19.10.03.Chloe.Temple.Tiny.Stepsis.Interracial.XXX.1080p.mp4,68cdb4378a2f77a3dfb97521ee41189d24fbd6b0ab78d6ba5c2300acaf9525f1,10/3/2019,Tiny4k,tiny|temple|chloe,,
E:\downloads_backup\ClubTug.19.01.18.Lauren.Phillips.XXX.1080p.mp4,15d6b0c6ea54727a087405b82689216d1da049c844af78f2011d1426942ac74a,2018-01-19|2019-01-18,ClubTug,phillips|lauren|tug,Lauren Phillips,
E:\downloads_backup\PornMegaLoad.18.03.01.Kelly.Scott.Kellys.First.Time.She.Has.A.Very.Hairy.Pussy.XXX.1080p.mp4,5add840715237fa9f22e0a1bdb5340e8e4e0f7c56150535e4fb8c180b1d42156,3/1/2018,PornMegaLoad,scott|mega|she|kelly,,
E:\downloads_backup\Asia and Annie Cruz Interracial - Bing video.mp4,6d9591e891e1f6c2fa23d5146b140de524b43a03807a83fe42b7082697739d9e,0001-01-01,Streaming,bing|asia|annie|cruz,Annie Cruz,
E:\downloads_backup\Julie Night and Annie Cruz are two hot lesbians babes toying.mp4,973e02e091e621f1879d94c4ca41c6fb173ca83c154fb4a5bf30f82dc6b89059,0001-01-01,Streaming,julie|annie|cruz,Annie Cruz,
E:\downloads_backup\DesperateAmateurs.19.10.13.Alisha.7.Years.Later.XXX.720p.mp4,0ced4b21f6080a148d0c6ccb26a8734c616b464418e2756a3535de3fbc66e594,10/13/2019,DesperateAmateurs,alisha,,
E:\downloads_backup\MY fat white BBC hog slave bitch I MET ON TAGGED michelle 19.mp4,c9c871103ef91b2eb66b616b50a9e247117ee63ed26eaeb339d7c19a9f9e9d2e,0001-01-01,Streaming,michelle|white|my,,
"E:\downloads_backup\Wives Humiliated by a Home Wrecker Mistress - Ginar, Lillian.mp4",83f03a29d6eba6f7182ad7ac6bfbd17f89f87a2bd0754966dc59126804f74219,0001-01-01,Streaming,lillian|mistress,,
E:\downloads_backup\Jovens escravas Dakota Marr e Kenzie Taylor numa compilação .mp4,ab65dff100e6f80722f82a19de4fb4b37191e4fc027eae723ec4337fe2eff008,0001-01-01,Streaming,taylor|numa|dakota|jovens|kenzie,,
E:\downloads_backup\_UNPACK_InfernalRestraints.19.05.31.Scarlett.Mae.Hitchhikers.Guide.To.The.Grave.XXX.720p.mp4,7797ff417d491674948af9cea6fbf7dbedbd4a64d5bf1a322882fe10b2af9d03,5/31/2019,InfernalRestraints,the|mae|scarlett,,
E:\downloads_backup\42403_Francesca_AnnaDeVille.mp4,51a281d2c07c462acef670de192ac418846b3c790d3b7e2fc91fe62033685c58,0001-01-01,Unknown,de|ville|anna|francesca,Anna,
E:\downloads_backup\Doris Dawn Goes Down On Don Dawn In The Back Yard - Bing vid.mp4,e32ea9aa5d7f6576cca14a613339b3b6ac917f4f64198a84592fa4a27f1fe5e8,0001-01-01,Streaming,bing|down|in|doris|the|don|dawn,,
E:\downloads_backup\InTheCrack.E1560.Gianna.Dior.XXX.1080p.mp4,c4b2011882de134200283ed3a7b0f39468612f090d48f7babf33cfcf7de511a0,0001-01-01,InTheCrack,the|gianna|dior|in,,
E:\downloads_backup\Kacie.Castle.(Slap.To.The.Chops)-Facefucking-Facialabuse-Episode.mp4,1cffd0a145e3ee4af1f37eff72c1416e3c64a8fba60269f8d313411d689fa579,0001-01-01,FacialAbuse,the|castle|kacie,Kacie Castle,
E:\downloads_backup\Middle-aged mothers naked in the shower #2 - Bing video.mp4,505975db532a66698489ff535b6d9ec6b516c4e85a3fb9fc73fe7fa068a7c70e,0001-01-01,Streaming,the|bing|in,,
E:\downloads_backup\The Arizona HotWife getting Banged in and out of a Bar in Tu.mp4,b7d08bb6e56fe60fa2cb8af423d3468410b02e2d68943edb3df69c44199dd43f,0001-01-01,Streaming,arizona|in|the|bar|tu,,
E:\downloads_backup\The Creamiest Pie In Town - Bing video.mp4,a2be43c6518826d9fe76147c793420f4cc174e823cfd4a1de17c896e0fac3c94,0001-01-01,Streaming,the|bing|in,,
E:\downloads_backup\IsiahMaxwellXXX.19.10.14.Armani.Monae.Chocolate.Sin.XXX.1080p.mp4,71aee8f75b612dcc7ce673a4e9835062b29435e53d11d5a05a2f3d1fdf016dea,2014-10-19|2019-10-14,IsiahMaxwellXXX,maxwell|isiah|armani|monae,,
E:\downloads_backup\44415_penny.mp4,97bf50b2b77602544af016ca6f968c56ffa698bc759da4672ec48f9fde6a44f0,0001-01-01,Unknown,penny,,44415
E:\downloads_backup\WeirdBoilingFlounder-mobile.mp4,0fbe5054adbd17dabf2eef4cf6a00f363f4ccdf30b045f55523f78750c12840d,0001-01-01,EroMe,,,
E:\downloads_backup\PublicPickUps.19.10.10.Abella.Danger.Meeting.Abella.Danger.XXX.1080p.mp4,d4479a33ba37d2483b94e99d43912b10234f9ce8cd1baa43bcb6476dc3e50fe5,10/10/2019,PublicPickups,danger|abella,Abella Danger,
E:\downloads_backup\SchuylarWitch - Submissive GFE Turns Super Slut - ManyVids.mp4,8805db2077d1b72d42a9ef5bd1ebe7ae0975de7cd72cc8c2eff82d4532128ad4,0001-01-01,ManyVids,schuylar|many,,
E:\downloads_backup\Cyndi Sinclair's not so Bedtime Stories 3-17-19 - Bing video.mp4,f05a6ae2ad3915094e06988344c4cbac90dfad3543d563c9e4a05fa22d0b98de,3/17/2019,Streaming,not|bing|cyndi|so|sinclair,,
E:\downloads_backup\LethalHardcore.19.10.16.Dee.Williams.XXX.1080p.mp4,63db83683b81f8e60be095dd29ad35fb05d6299d0fcfc1b1eadd108b6a9c43f6,2019-10-16|2016-10-19,LethalHardcore,dee|williams,Dee Williams,
E:\downloads_backup\Mature Doris Dawn Takes off her Cloth and Shows her Hairy Cu.mp4,6ec6e5cd0d49ffa310db428614c275dd1ead8ffd6d4b34e157e1a98f2d706c19,0001-01-01,Streaming,dawn|her|doris,,
E:\downloads_backup\Mature sugarbabe masturbates - SEXTVX.COM.mp4,07a5731f9ef7a28aaf7db9934f3552d0801be63b6219b49e599e5c9bb0571d47,0001-01-01,Streaming,,,
E:\downloads_backup\Mature Wife Humiliated by Younger Home Wrecker - Lillian Tes.mp4,38e00bdddbc09e1e994effd7efa42b219711b1bc3277167f9c93fb03976b7fd5,0001-01-01,Streaming,lillian|tes|younger,,
E:\downloads_backup\MatureNL.19.10.11.Jamie.Foster.And.Sailor.Luna.Lesbian.XXX.1080p.mp4,4405ddffe644a11ed3019e7891bc85860d0ea3ff63a1aec7024f3c9da5df717a,10/11/2019,MatureNL,foster|luna|jamie|sailor,,
E:\downloads_backup\MyPervyFamily.17.03.17.Ivy.Rose.XXX.1080p.mp4,5b2c6f55c56b1d3f61d8905e62f7f073ee69d1cf1ad8294aa14fad00662381f1,3/17/2017,MyPervyFamily,rose|ivy|my,Ivy,
E:\downloads_backup\PornMegaLoad.19.10.17.Camilla.Gets.Ass-Fucked.By.A.BBC.XXX.1080p.mp4,06c3fce73de2cea8db120f72ed1e7e4ec9a18237daaa297e419240cdf6b5dc4e,2017-10-19|2019-10-17,PornMegaLoad,mega|camilla,,
E:\downloads_backup\Tiny4K.19.10.10.Audrey.Hempburne.Lil.Cowgirl.XXX.1080p.mp4,25846d22c9918aaf1f29226760f75f4632e009b0c878cc2e2775e067b5b2102e,10/10/2019,Tiny4k,audrey|lil,,
E:\downloads_backup\Chubby Bunny Girl in Glasses Fucking my Hairy Pussy with a D.mp4,9eac2f5ab0a8c1f8f71f1bb784d04f69fe2c7d1dec99f130370b97c74d7a9e01,0001-01-01,Streaming,bunny|girl|in|chubby|my,,
E:\downloads_backup\My stepDaddy is a Pervert - Barely Legal Slutty Redhead Teen.mp4,622e5bdcd2029e6518a7f496ca1a13a92306e6d7cd36695cb06785f4ec312fb7,0001-01-01,Streaming,daddy|my,,
E:\downloads_backup\Putting a Clothespin on my Clit after Clothespinning my Tits.mp4,c1a5831b04d4360e5c2121ecad44e9e1348d37d5182533af7e3fbeb008495737,0001-01-01,Streaming,my,,
E:\downloads_backup\Squeezing and Spanking my Ass in a Skirt and Thong - Pornhub.mp4,5f5ff3e43bc54e9b042fe8d1028ace8c5c2d5dad4fc87980e98c4ace5e7be21f,0001-01-01,Streaming,thong|my|in,,
E:\downloads_backup\MomPov.BTS.E135.Avery.XXX.720p.mp4,4fb598ec72100f0ece6d494d54ddf8d74670da9e31db8403b79561c664295e06,0001-01-01,MomPov,avery,,
E:\downloads_backup\Submissiveplz - Daddy Sent A Giant Toy - TABOOSEX.CLUB (Ince.mp4,6f005fbc9316ddbc7ea8b727eb4e2668ab1502652cace2a0dff37e39796cccba,0001-01-01,Streaming,toy|daddy,,
E:\downloads_backup\Fingering my tight pussy to prepare to take my large orc dil.mp4,78a2b57eab146d390f837a3997bb6a3410230165167d55b5bcc5118c98a33dcb,0001-01-01,Streaming,my,,
E:\downloads_backup\PornMegaLoad.19.03.28.Seka.Black.Its.Big.Its.Black.And.Its.Cumming.In.Sekas.Ass.XXX.1080p.mp4,1234f80e2f0bee9785409447c40ab77446c7165799cac6a7f32cb78655bdcc29,3/28/2019,PornMegaLoad,black|mega|seka|in,,
E:\downloads_backup\PornMegaLoad.19.04.23.Arianna.Steele.Cum.To.Arianna.XXX.1080p.mp4,797af83c0b905dbe05333de61fe992a783462d0f08d3edeb4c9aa8882a1308c2,4/23/2019,PornMegaLoad,steele|mega|arianna,,
E:\downloads_backup\PornMegaLoad.19.04.25.Arianna.Steele.Ass-Fucked.By.A.22-Year-Old.In.Her.First.Scene.XXX.1080p.mp4,fe7d06eecddd205384446dbf7ae9ef76fc32730d005d21b111e9b257369e9966,4/25/2019,PornMegaLoad,arianna|mega|her|in|steele,,
E:\downloads_backup\PornMegaLoad.19.05.23.Arianna.Steele.A.Black.Cock-Loving.Granny.XXX.1080p.mp4,ae359c7a1a0163fe9f51e543b3fe05a711d28dd6321516b35c63c70ab1d1429b,5/23/2019,PornMegaLoad,steele|mega|black|arianna,,
E:\downloads_backup\PornMegaLoad.19.05.30.Seka.Black.Happy.Anniversary.Honey.I.Got.You.Two.BBCs.XXX.1080p.mp4,5b4f5a9dec926cecc25ae61ac1ef03f5a1e33c8f227137454e98c26105d27adf,5/30/2019,PornMegaLoad,honey|you|happy|mega|seka|bb|black,,
E:\downloads_backup\PornMegaLoad.19.10.15.Beth.Mckenna.Beths.Toy.Show.XXX.1080p.mp4,51575a61223ad9ba2a23c94fb7f9dc16c25a7e7964e04c64cc79089160f016d7,2019-10-15|2015-10-19,PornMegaLoad,mckenna|beth|mega|toy,,
E:\downloads_backup\Private Society Fucks A Sioux Falls Girl right off the Stree.mp4,d0f8d8b60ff4b5a75acd094ca3c5d31c6445629b983d232e110f52f8673b4e8d,0001-01-01,PrivateSociety,the|sioux|girl,,
E:\downloads_backup\PrivateSociety.19.10.15.They.Love.Eating.At.The.Y.XXX.720p.mp4,87df9a3a15696523a0f830f665ef77caaab7d372aafc0b162d5c4f5128cdf6ac,2019-10-15|2015-10-19,PrivateSociety,the|love,,
E:\downloads_backup\PrivateSociety.19.10.18.Creaming.Alexas.Pussy.XXX.720p.mp4,9925c8b90e604a839c6b4c0a10f74fddd236d970ed6de7e09134bcbe46d01349,2018-10-19|2019-10-18,PrivateSociety,alexas,,
E:\downloads_backup\MY fat ugly white BBC slut hog slave bitch I MET ON FETLIFE -1.mp4,701718ee6f854f49f1eaffbfe363bff4b9aec6ab3099f51cff4069859303018f,0001-01-01,Streaming,white|my,,
E:\downloads_backup\MY fat ugly white BBC slut hog slave bitch I MET ON FETLIFE .mp4,701718ee6f854f49f1eaffbfe363bff4b9aec6ab3099f51cff4069859303018f,0001-01-01,Streaming,white|my,,
E:\downloads_backup\MY fat white BBC hog slave bitch I MET ON MEETME athina 4 - .mp4,8aa460c8686a451e9b96d676d534355e4b28ac1fe6df6de316c7a41f29a9cf85,0001-01-01,Streaming,white|my|athina,,
E:\downloads_backup\MY fat white BBC hog slave bitch I MET ON MEETME athina2 - B.mp4,8d5b3b6780680bf75efa36b9e3aa2d664ae48a9b810669efc7447b63029d9660,0001-01-01,Streaming,white|my,,
E:\downloads_backup\MY fat white BBC hog slave bitch I MET ON TAGGED 4 - Bing vi.mp4,6360b171fa7c83dba71fed78b817cf50becc75eb2522c6bc2fa75261b27ef9f2,0001-01-01,Streaming,white|bing|vi|my,,
E:\downloads_backup\MY fat white BBC hog slave bitch I MET ON TAGGED chelsea - B.mp4,ee201ad53238cb76dfad89e10b719dc65f6a94efbf0dc4d61efbed75449f5a60,0001-01-01,Streaming,white|chelsea|my,,
E:\downloads_backup\MY fat white BBC hog slave bitch I MET ON TAGGED michelle 10.mp4,62e71b4f07fa459e77d2ee80d4cffa93f79db0f88a77fec98ab7ccd28c7ac302,0001-01-01,Streaming,michelle|white|my,,
E:\downloads_backup\MY fat white BBC hog slave bitch I MET ON TAGGED michelle 12.mp4,e0678ec8a4204c3308a650f637991a3ab6b5615168dcb3ab275027dcf012612e,0001-01-01,Streaming,michelle|white|my,,
E:\downloads_backup\MY fat white BBC hog slave bitch I MET ON TAGGED michelle 13.mp4,560ed93c586b717b5ccfc5bb93a17410dca86eb2f1a9261e4fff9078b8c639c9,0001-01-01,Streaming,michelle|white|my,,
E:\downloads_backup\MY fat white BBC hog slave bitch I MET ON TAGGED michelle 14.mp4,c5b42c46ade6528318d9b5d4abe9cb5c7094fd2e7bea9fa2304e9ad1956d2960,0001-01-01,Streaming,michelle|white|my,,
E:\downloads_backup\MY fat white BBC hog slave bitch I MET ON TAGGED michelle 15.mp4,517a606dd9f7d4976a4a4b267a7793671225c5ad199f35fc1d52e4c81fa16b7d,0001-01-01,Streaming,michelle|white|my,,
E:\downloads_backup\MY fat white BBC hog slave bitch I MET ON TAGGED michelle 16.mp4,956b7a044eb9bf5c4fdccecf325284fd637bcbd228c4a6b6ab6d902a92bc9731,0001-01-01,Streaming,michelle|white|my,,
E:\downloads_backup\MY fat white BBC hog slave bitch I MET ON TAGGED michelle 17.mp4,94410bac5f2c4897bc14c56a7fd608305ea09b9f6bd18a25745eb040b4fa0b46,0001-01-01,Streaming,michelle|white|my,,
E:\downloads_backup\MY fat white BBC hog slave bitch I MET ON TAGGED michelle 5 .mp4,82d3ec0973f27b4a5d8a7d490f1be1a28f6eebe903d62681f13ff5f0b1dc28fb,0001-01-01,Streaming,michelle|white|my,,
E:\downloads_backup\MY fat white BBC hog slave bitch I MET ON TAGGED roberta 2 -.mp4,46f9c5674b58bd2195ab82cb98771858b73ccc056a01e6c361bf87db0899f73e,0001-01-01,Streaming,white|roberta|my,,
E:\downloads_backup\MY fat white BBC hog slave bitch I MET ON TAGGED roberta 3 -.mp4,1b84ff63214b6d6a17f1f443d8d68fd51cbe04d44ea65fbb64a6b00cb109d270,0001-01-01,Streaming,white|roberta|my,,
E:\downloads_backup\MY fat white BBC hog slave bitch I MET ON TAGGED roberta 4 --1.mp4,e7968f205d87d4523122e042cc773e8af2fc749cce8c1a564e088e6cd04c774f,0001-01-01,Streaming,white|roberta|my,,
E:\downloads_backup\MY fat white BBC hog slave bitch I MET ON TAGGED roberta 4 --2.mp4,a416419d70172115dbb76d070df98722ce9c0b8b1e01ce8fa8d0129566a7d44e,0001-01-01,Streaming,white|roberta|my,,
E:\downloads_backup\MY fat white BBC hog slave bitch I MET ON TAGGED roberta 4 -.mp4,a416419d70172115dbb76d070df98722ce9c0b8b1e01ce8fa8d0129566a7d44e,0001-01-01,Streaming,white|roberta|my,,
E:\downloads_backup\MY fat white BBC hog sub bitch I MET ON TAGGED NAMED misti 2.mp4,6cf5aa855ee81eadf61c9e93f0ec53a49a461405f1cd1ed35a833ec23a50916c,0001-01-01,Streaming,white|misti|my,,
E:\downloads_backup\PornMegaLoad.18.10.25.Kelly.Scott.Fuck.That.Ass.XXX.1080p.mp4,336a6efd455cc18282d8d620d50b7e50e11b7ae3c3409bcfe4736b2f822b5c8c,10/25/2018,Streaming,scott|mega|kelly,,
E:\downloads_backup\White Grany Turns into a BBC Slut Watch her Eat Cum and get .mp4,3b4470f583681fc0bc7dc020bf2ff073f1ed95857115d0ff47573971acb1e899,0001-01-01,Streaming,white|her,,
E:\downloads_backup\White Teen 1st BBC Challenge. dominican BBC vs American Teen.mp4,acdd3135ae5be2620f47893d7c72babc6c3053a5febfdc87b7b2ae789e1a2f37,0001-01-01,Streaming,white,,
E:\downloads_backup\InfernalRestraints.19.06.14.Abigail.Annalee.Saw.XXX.720p.mp4,b249bb436eaabbf4292f03f998a5c4acae44e11ddd5ed1fca6b2354d8f00bb34,2014-06-19|2019-06-14,InfernalRestraints,saw|annalee|abigail,,
E:\downloads_backup\Mature Big Tit British MILF SpeedyBee Fucks Young Black Stud.mp4,a7c53907fa42c44fd813f47542488afe77f65267bd3377398c3d7f2ac82731b9,0001-01-01,Streaming,young|bee|speedy|british|black,,
E:\downloads_backup\Mature Busty Housewife SpeedyBee Takes on Huge Black Cock - .mp4,435000f6be957eabd1bdf44dc7ff541d10c919ae0891b42bb16de3be4c1699bb,0001-01-01,Streaming,speedy|black|bee,,
E:\downloads_backup\Older Women barely can handle a Big Black Cock Mature Big As.mp4,41739847efb0e1d3df9934bf755ac43fb4237098c6e9edcc5d94436d3adc9b26,0001-01-01,Streaming,black|can,,
E:\downloads_backup\Amber Wild and Ruth Blackwell - Bing video.mp4,53fce4a3dee1e6bfb32ed205ca720441e0d4a8c0a1110aac113928a225433bc8,0001-01-01,RuthBlackwell,ruth|wild|blackwell|amber|bing,Ruth Blackwell,
E:\downloads_backup\Black Muscle Slut Ashley Starr broken - Bing video.mp4,f7412ab536d2abb6cac96602d946f5e34e16b70f79bd60d568b04bcd78fa6ad1,0001-01-01,RuthBlackwell,starr|bing|black|ashley,,
E:\downloads_backup\Lexi Leigh And Ruth Blackwell Love Sharing An Enormous Black.mp4,74fa153c7e7685ca1487ca57bef27c26a81fc1ec59c28e9c59244dfef5ad3797,0001-01-01,RuthBlackwell,ruth|an|love|blackwell|lexi|leigh|black,Lexi Leigh|Ruth Blackwell,
E:\downloads_backup\Ruth Blackwell - Heather G Cadence C Pt1 - Bing video.mp4,7a681e7d0624fafdd0f0a9741f50d1f7f88d32b589383fca663f798165802c92,0001-01-01,RuthBlackwell,ruth|blackwell|cadence|heather|bing,Ruth Blackwell,
E:\downloads_backup\Ruth Blackwell - Heather G Cadence C Pt2 - Bing video.mp4,6a589abf822400357dcd4633ad212260d742b5c445f14b775c9c0e848fef7f25,0001-01-01,RuthBlackwell,ruth|blackwell|cadence|heather|bing,Ruth Blackwell,
E:\downloads_backup\Hot Mom Teaches Her How to Suck - Bing video.mp4,7ae17c35ed9c1c23c059a863f717f393ac2f2602f6186be8638d27cab8a1b80b,0001-01-01,Streaming,bing|her,,
E:\downloads_backup\Mom And Teen Suck Some Cock Together - Bing video.mp4,dc059182b0553d629f05ef072dc1384826933ee228e95394635b59e691dbffca,0001-01-01,Streaming,bing,,
E:\downloads_backup\TATOO SHOP - MOM AND DAUGHTER FUCK THE BIGGEST BBC EVER! - B.mp4,b2e40819e31607af19afe2582856e3e02415da6452be1d21cc1d62de42bd9309,0001-01-01,Streaming,the|ever,,
E:\downloads_backup\Trailer Park Mom and her Chubby Daughter want some Dick Expl.mp4,637dd702ebce49d272178db765633b2760f93af7499b710103dcf375e24887a5,0001-01-01,Streaming,dick|chubby|her|park,,
E:\downloads_backup\FutileStruggles.Under.Cover.Spy.Ariel.Captured.And.Interrogated-Part.1.XXX.720p.mp4,a940ef2e1bc745b3df357c4aac5886306b80e6a515ace49a6ed533c8fd582c95,0001-01-01,FutileStruggles,ariel,,
E:\downloads_backup\Ruth invites Cindy over and forces her to join in sex with h.mp4,d5ce177b60d4f86494c72401656f41165a85e4537f55c821eacf0cb8488e655f,0001-01-01,RuthBlackwell,cindy|ruth|her|in,,
E:\downloads_backup\Anal pleasure spray of lust and debauchery from C. Knight's -1.mp4,53ef7cfc481821cfd175111c336cec743e23e23ec428c89b93a69a8db2a6f65b,0001-01-01,Streaming,pleasure|lust|knight,,
E:\downloads_backup\Anal pleasure spray of lust and debauchery from C. Knight's .mp4,53ef7cfc481821cfd175111c336cec743e23e23ec428c89b93a69a8db2a6f65b,0001-01-01,Streaming,pleasure|lust|knight,,
E:\downloads_backup\ClubTug.19.05.09.Taylor.Pierce.XXX.1080p.mp4,3b7421efd84f41008e65ad71b5cabafecaf882f4079564cc66062e596eaf8b03,5/9/2019,ClubTug,taylor|tug|pierce,,
E:\downloads_backup\ClubTug.19.06.05.Candy.White.And.Jamie.Foster.XXX.1080p.mp4,82ca03e339755f83dc38ae64ea2b8d34827e630eb25284754a48120d41cabb11,6/5/2019,ClubTug,foster|jamie|white|tug|candy,,
E:\downloads_backup\6368_isis_annie_ariel.mp4,5105fff804d04f5e23a29ed9150d36543d81a1dae90330dfaeda7c2f5a8e4757,0001-01-01,Unknown,ariel|annie|isis,,
E:\downloads_backup\Submissive Slut Wife Owned by Black Master. - Bing video.mp4,9a3d27767e3b74d75b48d3878b00676cb116b4f6c7e98c5ae52fcc2834f53b0c,0001-01-01,Streaming,bing|black|master,,
E:\downloads_backup\21467_Ashley_star.mp4,2d11b632c6ee418caf92e15e06b762c1fad0868add142a32f5c32d7fffb31286,0001-01-01,Unknown,star|ashley,Star,
E:\downloads_backup\FuckingMachines.19.10.09.Gia.Dimarco.XXX.720p.mp4,07b15ce8d727f0ec26637db230e67f23779b585f16a2bc403beace2421465567,10/9/2019,FuckingMachines,dimarco|gia,Gia DiMarco,
E:\downloads_backup\BadDaddyPOV.19.10.17.Lena.Paul.Wants.To.Be.Stepdaddys.Fucktoy.XXX.1080p.mp4,f1c6b3eba092648b8d9e885e9f5ec005b3dac7032e6504221cc8311b154435c4,2017-10-19|2019-10-17,BadDaddyPOV,lena|paul|daddy|be,Lena Paul,
E:\downloads_backup\44175_DiMarco_Juliet_Cherry.mp4,2fe170756321ddaf9eec51a19742a2d7fc10a47c344b0962b6e96f33a4b18569,0001-01-01,Unknown,juliet|marco|cherry|di,,
E:\downloads_backup\Girl is Pulled from the Tub and Spanked Naked didn't Pay the.mp4,7b1d7d998d81ce17f7af9bffa7da5080bfe6b74740f27e27fea8fca448dff062,0001-01-01,Streaming,the|girl,,
E:\downloads_backup\Throated.19.10.11.Cadence.Lux.Ready.To.Suck.Cock.XXX.1080p.mp4,0651c813755862a2c49728800648421352f187d9a86636a583e949a9c9254b39,10/11/2019,Throated,cadence|lux,Cadence Lux,
E:\downloads_backup\40201_Kelli_Mimosa.mp4,eedfeee0d90d200ed09b61ef411bc2e450254801cc58592c268496117d8aa7c3,0001-01-01,Unknown,mimosa|kelli,Mimosa,
E:\downloads_backup\6422_syd_vai_jiz_donna.mp4,de643dfeec69f8283b5b3342e658a52fa782ac5169f401cc263a78e6a2e90f9c,0001-01-01,Unknown,donna|syd|vai,,
E:\downloads_backup\100% REAL Step Mom and Teen - Bing video.mp4,0e0edf1d39925287495acd37a2c4de1d26e389269cead424d199545ddba6ba04,0001-01-01,Streaming,bing|real,,
"E:\downloads_backup\3 Sexy Grannys BBW Busty Kim, Auntie Trisha & Lily may - Suc.mp4",13a844754533b829efd07d8b7b8e823dc9b7516a769509c16ac310dafa111a37,0001-01-01,Streaming,kim|trisha|lily|may,,
E:\downloads_backup\44661_EllaN_DanaD.mp4,2344d8bee8492f111c51f345928e2d890a49f1f7b9be9a03f4078f9814b342a6,0001-01-01,Streaming,dana|ella,,
E:\downloads_backup\480P 600k 27950621 - Bing video.mp4,ae3476b5468161d1b5795eb7da3c89379c19761a8fd67a311d32eda1ce165fcf,0001-01-01,Streaming,bing,,
E:\downloads_backup\60yo Mother gives Blowjob to Real 30yo Son - Bing video.mp4,dbe24536a359648024492976269de80c2f3948442f3548700871df1b52ee18f6,0001-01-01,Streaming,son|bing|real,,
E:\downloads_backup\65 yo granny enjoys a big black cock - Bing video-1.mp4,20b6177467792f27f9988ed2a6595d22bf14935d91eb4e74d1a769876c80116e,0001-01-01,Streaming,yo|bing|black,,
E:\downloads_backup\65 yo granny enjoys a big black cock - Bing video.mp4,763804145f6ec38420806f9bf83c59d940b045814eef560bbbee3116232fde06,0001-01-01,Streaming,yo|bing|black,,
E:\downloads_backup\8500_Amber_Amai.mp4,a4d1ada0b93eb2b0afee838009d7afc363c7502b877b2ff5c693c17803440990,0001-01-01,Streaming,amber|amai,,
E:\downloads_backup\@thisisdslaf Chicago Teen Pretty Rebel Is Best Dick Sucker E.mp4,5db3c071367e5305c4377b482911208851cf393ef44e304b9abd707d3b8c01e3,0001-01-01,Streaming,pretty|dick|rebel|chicago,,
E:\downloads_backup\A big black dick is thrust in to this redhead - Bing video.mp4,5cf300a29395c31867ddf5de549c507a839abeffe0a64bccedecb2a27f8924f5,0001-01-01,Streaming,dick|bing|black|in,,
E:\downloads_backup\A Blouse Full Of Goodies - Bing video.mp4,95b8df67cb89db9b6da4bf7c9200d17372c89f003b246e63cad10dcda51580c9,0001-01-01,Streaming,bing,,
E:\downloads_backup\A Full Menu Of Sex At Kristin's Place - Bing video.mp4,954090af75e4e6c0e93994304e43384be3624bc56505929a6676cf2a2539f0e1,0001-01-01,Streaming,bing|kristin,,
E:\downloads_backup\Adorable Ebony Fuckdoll - Bing video.mp4,73e489c7d1f92873f4af7cc6813ad252c920d50427ecb1ed4062dee0b3437d48,0001-01-01,Streaming,adorable|ebony|bing,,
E:\downloads_backup\AgedLovE Lacey Starr Busty Blonde Mature Hardcore - Bing vid.mp4,db3f0fa679992120d455e33d46740094edb78c9586da5b79d99ff2db8bef3096,0001-01-01,Streaming,lacey|bing|starr,,
E:\downloads_backup\Amateur - Two Mature BDSM - they like it - Bing video.mp4,ceaf904764cba410e750e01f9dd7b774727be20f8fcfe66211e61d1baa638a93,0001-01-01,Streaming,like|bing,,
E:\downloads_backup\Amateur Mature Slut Begging for it While He Pounds Her Ass -.mp4,fe69a38a408fa24377eaae77140afe65820aad87cb6c1b3916eb154eca8bca73,0001-01-01,Streaming,her,,
E:\downloads_backup\Amateur Mature Swallows Cum POV - Bing video.mp4,a13ee4d18bb1cc6eedd123fa4252622efdbd438ba3c9414e7da13445062c9cc3,0001-01-01,Streaming,bing,,
"E:\downloads_backup\AMBER RAYNE AMAI LIU ЛЕСБИЯНКИ, АНАЛ - Bing video.mp4",b0020d8d09f4a710a23210b38b79bae8aad1ecd5cc32ae838008760351ab4160,0001-01-01,Streaming,amber|bing|liu|rayne|amai,Amber Rayne|Amai Liu,
E:\downloads_backup\Amber Rayne get fucked by a BBC - Bing video.mp4,3199f407e5ddb725782384bf8597bd299a7b0ed7ebf05e7fce032c0de7d9a282,0001-01-01,Streaming,bing|amber|rayne,Amber Rayne,
E:\downloads_backup\Amber Rayne Lets A Black Man Cum Inside Her Asshole - Bing v.mp4,854f712c0987c2ed7822593d4bed38cabe2030ebdc14d9eff06e06055298ebd6,0001-01-01,Streaming,amber|bing|her|rayne|man|black,Amber Rayne,
E:\downloads_backup\Amigold 2016-04-13 140102 - Bing video.mp4,bf65ca3aee32e60870fd3ae7a503644dd6f6a4c4fa5ccbbd62b152bc5b94d0f0,4/13/2016,Streaming,bing,,
E:\downloads_backup\April the best! - Bing video.mp4,20a35a5895ef593b81e5bb3190170580e6d1567de933a04c04c59653af2334e0,0001-01-01,Streaming,the|april|bing,,
E:\downloads_backup\Bad Dragon - Bing video.mp4,3eb51a3fea613055b0a19d7348c926f27185711af6c8eb9596c2af2b06426ec1,0001-01-01,Streaming,dragon|bing,,
E:\downloads_backup\BBW MILF IR fucked by BBC and creampied - Bing video.mp4,50a85d7429db7c7440da3c5ac21431f859176afbf11da62018e316dffafc6c94,0001-01-01,Streaming,bing,,
E:\downloads_backup\BBW Mom June Taking On A BBC - Bing video.mp4,5ed7fb36c8feb945077670f34aff5bdeb2cdbe772b276b0c597e71510693ef48,0001-01-01,Streaming,bing|june,,
E:\downloads_backup\BBW Mom Sucking BBC - Bing video.mp4,717004b7d115e4d65bc1304e52cb5a5b0032cf0d709690b21fd1585c045ad5da,0001-01-01,Streaming,bing,,
E:\downloads_backup\BBW Suck BBC Till it Cums - Bing video.mp4,90c208a9575c24ed00c76e88233ecdafe5e2013f5645b9beb7190126456b09bf,0001-01-01,Streaming,bing|till,,
E:\downloads_backup\BDSM Legends Wenona and Darling Tortured with Electricity - .mp4,74e53b0024851e964d8eea435d38c1093c09dbcf7bf710b3ec15c6edc86aa246,0001-01-01,Streaming,darling|wenona,Wenona,
E:\downloads_backup\Big Sloppy Ass BBW - Bing video.mp4,8d1f7a527f471745a9e5ebc8ec30f392e2e07271cf215870c63444483277f1a4,0001-01-01,Streaming,bing,,
E:\downloads_backup\Big tits mature dildo and cumshot - Bing video.mp4,367b98b7162b9d785784e3bf883422e904eec3cce41151b48f4fc71f3cd74784,0001-01-01,Streaming,bing,,
E:\downloads_backup\Bitchy Stepmom - Bing video.mp4,05a21715fa67bf0cf24e7728fc0442991ce862396977343fe5b52fc3ba959c32,0001-01-01,Streaming,bing,,
E:\downloads_backup\Black sub Bound Gagged and Sucking - Bing video.mp4,e58268371d75e1d92978f81afedcf764d32dac8a2f7713f41f860162094a9f43,0001-01-01,Streaming,bing|black,,
E:\downloads_backup\BlackBachelor - Southern Wife - Bing video.mp4,c3045e08e488cdbd7b39825252e3571b7779208af92887da343e0eda5d576ec5,0001-01-01,Streaming,bing|black|southern,,
E:\downloads_backup\Blonde BBW MILF Desiree Charms fucked by a BBC - Bing video.mp4,11bc06b9ffa0e61ab4a84fa066d9cd4360aaddfb55c65c40f14e2a227187018e,0001-01-01,Streaming,bing|desiree,,
E:\downloads_backup\Blue Bed - Bing video.mp4,3363807207a0f1ece0e7c8975c1eb93a33a9656a4eaaff2b2e06ca0586f03191,0001-01-01,Streaming,bing|blue,,
E:\downloads_backup\BT PF - Bing video.mp4,419c4d07a7f02d0808d784e99d944b520e1639bd0c314737e05cf61bed49a61c,0001-01-01,Streaming,bing,,
E:\downloads_backup\Busty blonde mature babe is giving him a nice POV blowjob - .mp4,daebf09ded09f05323a81a2d453ee1220568bf2a22e3b2008bbe511859241c71,0001-01-01,Streaming,nice|babe,,
E:\downloads_backup\Busty Granny Gives A Blowjob And Swallows - Bing video.mp4,ede57196f18b08945a90f01581cb6250e8a3ab8dc2f20b253c277cd12dc8e232,0001-01-01,Streaming,bing,,
E:\downloads_backup\Busty granny porn queens Savana and Speedybee 4some fuck - B.mp4,59e993a672c8d3e626107b32851b1bc61568d4a4bfb01e14d5e758e275b32d78,0001-01-01,Streaming,savana,,
E:\downloads_backup\Busty hairy mature strips - Bing video.mp4,48c84ef2380e2ea714195c995118c93c6e682bee4a685a9f4c1d9c1f51bd3690,0001-01-01,Streaming,bing,,
E:\downloads_backup\Busty Mom Maggie Green Takes Two BBCs in a Jail - Bing video.mp4,ad036e5f023c7a9c894cdba4d509cb7528bd25f90290b5f17e9d483dc816f8a6,0001-01-01,Streaming,green|bing|bb|in|maggie,,
E:\downloads_backup\Butt Fucked - Sammi Starfish - Preview Clip - Bing video.mp4,90cffe2d53ac95801b22f2804e50b84b058474319c327a049ec295dcaf63a8ea,0001-01-01,Streaming,sammi|bing,,
E:\downloads_backup\cam girl submissiveplz - Bing video.mp4,a1d98e9b48ccb28f3b980b7b2b0e184580bb4a8760862775373338abd84817e6,0001-01-01,Streaming,girl|bing|cam,,
E:\downloads_backup\Casey Cumz Watches Her Mom Gets Creampied By A BBC - Bing vi.mp4,578a82db713a73eeb618cc6fffd1cd4a668d2ed6c3fc47336a9db8b3a3af2534,0001-01-01,Streaming,vi|casey|bing|her,,
E:\downloads_backup\Chubby Milf Takes Massive Monster Black - Bing video.mp4,e6c5f1166838743f84e03a61161975f30f01cbb507df34172952bfe8785d3f86,0001-01-01,Streaming,chubby|black|bing,,
E:\downloads_backup\Claire Knight - The Taxi Driver - Bing video.mp4,255656dc036873141514a39dd3f41e01b4417093a778c0086b7debf51e92ccb9,0001-01-01,Streaming,driver|claire|bing|knight|the,,
E:\downloads_backup\clubtug-Naughty granny POV handjob - Bing video.mp4,97a169268ebaf9d0dff7223a61e70541c634b7cec8d348a10df2cb00d850a6fc,0001-01-01,Streaming,bing,,
E:\downloads_backup\Conservative home Secrets - Bing video.mp4,5c5d21d2cd3bd363abb53ac62eb0594218ad7572b6f1d1560dc4aeef45a73e8d,0001-01-01,Streaming,bing,,
E:\downloads_backup\Cosplay Maid Masturbates with Wooden Dildo - Pornhub.com.mp4,ce0f720fa9ca1161d4ab48a6fc18a69f92921d96a7048ed85ffc8a2133641514,0001-01-01,Streaming,,,
E:\downloads_backup\Cougar_Bbw - Bing video.mp4,206ca8351fffaff1d097f0012e3f4681a61b1948013701f8910991128012ef1d,0001-01-01,Streaming,cougar|bing,,
E:\downloads_backup\Cozy Holiday Fuck (full Video!) - Bing video.mp4,30d5933660fa73cbcff0396f9297b951a137e29f0fb4dddfafb3fd162abf1060,0001-01-01,Streaming,cozy|bing|holiday,,
E:\downloads_backup\Cyndi Presents Fake Fiance Real Love Chap 1-4 - Bing video.mp4,4855b9b145d7c5f6d3e99dc9bc362533d3d7ee92a62bcd6f5b09eda65aa9c021,0001-01-01,Streaming,love|real|chap|bing|cyndi,,
E:\downloads_backup\D Dew Compilation - Bing video.mp4,a427d13bd6ca4433c368588a4d19415649769f33870b8e35c588d01faa3c4a44,0001-01-01,Streaming,bing,,
E:\downloads_backup\DAKOTA MARR GETS CAUGHT STEALING FROM HER STEP DAD - Bing vi.mp4,87b71801d78bef60200b1359dd5a2dba16eb7c71cfb6781b13faae74ab3ea1ff,0001-01-01,Streaming,dakota|vi|bing|her,,
E:\downloads_backup\Dakota Skye and Lily Cade lesbian Strapon - Bing video-1.mp4,a684ee4335248f47ff6399f247fc3ffbc1b6d1d6c7a2003c958c3df48f590a4d,0001-01-01,Streaming,skye|dakota|lily|bing|cade,Dakota Skye,
E:\downloads_backup\Dakota Skye and Lily Cade lesbian Strapon - Bing video.mp4,386d9df0a35ee872e1c0e977c49009355c5a99f5d63593a8e5ccd918aba829cb,0001-01-01,Streaming,skye|dakota|lily|bing|cade,Dakota Skye,
E:\downloads_backup\Dark-haired Granny In England Fucked By Bbc - Bing video.mp4,6872636b8143e7febadb92ca3056881faf6df234175c3f640979901c101fe416,0001-01-01,Streaming,bing|england|in,,
E:\downloads_backup\Daughter spanks her stepmother. - Bing video.mp4,fe6ebb8bc4a9cc780be25a2ad0acefd853b78c18bfb5074510c182af246c8ba9,0001-01-01,Streaming,bing|her,,
E:\downloads_backup\Dee Delmar on Action - Bing video.mp4,174b03d4fcffd2e1adb534f7c214a680b3b6c618e24560860c9e76bf1ace009b,0001-01-01,Streaming,dee|bing|delmar,,
E:\downloads_backup\Desiree Charms - Lonely Housewife - Bing video.mp4,7c9511b1f03360bf7dca23eaf9327042030cb089165a58ef4884eaf771ce06f7,0001-01-01,Streaming,bing|desiree,,
E:\downloads_backup\DestinationKat Masturbates and Gets Creamy - Bing video.mp4,3d325fd42241edab4a877d645f17053da7debafaa8f4216b9a90aeff33ad0bf1,0001-01-01,Streaming,kat|bing,Kat,
E:\downloads_backup\Dirty granny has fun on web cam. Amateur older - Bing video.mp4,eb913f4ae37c9bf3a39346b65fe10f2f54b7c565b23dac5f8b77d28276acdd0b,0001-01-01,Streaming,bing|cam,,
E:\downloads_backup\Down On Abby - Tales From Bottomley Manor - Bing video.mp4,f0cf6eb714e66989ca8d8fbce252d1e8a574e730d76c5f7a13f1ec10c881a173,0001-01-01,Streaming,bing|down|abby,,
E:\downloads_backup\dutch mature - Bing video.mp4,daf9502fbf7c34740329f75e6e12cfd62aee73cd2a8d5bad3a9432d359f30051,0001-01-01,Streaming,dutch|bing,,
E:\downloads_backup\Ebony Fuck Hole - Bing video.mp4,c756640257fa02f46c740e205d08f3af2eacea5e84ff526f920d84c4d4a204be,0001-01-01,Streaming,ebony|bing,,
E:\downloads_backup\Emily's Introduction - Bing video.mp4,1e8e3d4310d09cd2f6719610355e7d47ac4c14329210899ccbe74698a14682f1,0001-01-01,Streaming,bing|emily,,
E:\downloads_backup\Enthusiastic Fuckers - Bing video.mp4,a435e8e10ae2014546c09505959793c280ff5e554b54b8942120608fd248b11f,0001-01-01,Streaming,bing,,
E:\downloads_backup\EuphoricAlarmingIndianjackal-mobile (1).mp4,dfeb9eeef1254806e5e89655b8488c51ea235413a72ec404e22f5298667224ae,0001-01-01,Streaming,,,
E:\downloads_backup\Exploited Moms - Bing video.mp4,4d51e3f289558ecbb2cbe6d885930b370bae8c05d5d07671518a7a79af7b178e,0001-01-01,Streaming,bing,,
E:\downloads_backup\Fat Grandma Libby from the Uk 1. - Bing video.mp4,3a16789a895d8a4802c742a4584bad50b15f4950883b6b076a489bcc832bc7be,0001-01-01,Streaming,the|libby|bing,,
E:\downloads_backup\Fat Mature and BBC - Bing video.mp4,62a7206fb235a172247c0812e0dc2fe35e2cb982d9bc216cf4f5168c2aea7a38,0001-01-01,Streaming,bing,,
E:\downloads_backup\Fat mature slut loves BDSM games as she - Bing video.mp4,cd8faa23fc3c3ca4bda4992947bc2c1cda760f58cdfab31a92fe280836683045,0001-01-01,Streaming,games|bing|she,,
E:\downloads_backup\Fat Slutty Southern Old (compilation 1) - Bing video-1.mp4,4b8a2531aff89536c258dbfd68bd4502191c47bce4cc4ac0de0ed4c6077e06db,0001-01-01,Streaming,bing|southern,,
E:\downloads_backup\Fat Slutty Southern Old (compilation 1) - Bing video.mp4,492064490c25681830c39234faf9490ca187fdd51376827a3301c986e7ed9635,0001-01-01,Streaming,bing|southern,,
E:\downloads_backup\Fat Slutty Southern Old (compilation 3) - Bing video.mp4,7d8afa3fe68fbdd945d8e9a112daf1a7a5e4a8f24a4fdddae616689a468e5aed,0001-01-01,Streaming,bing|southern,,
E:\downloads_backup\FrenzyBDSM Three girls into Bondage and BDSM - Bing video.mp4,02492efba2139586e8a5a963f3e8612f055946bd518eedea8f8a2d164b676b2c,0001-01-01,Streaming,bing|bondage,,
E:\downloads_backup\Fucked by a BBC & eating white pussy - Bing video.mp4,0c213142fb032e14d4cfacf7a481668bf52e24a8a436266f881d8180be068816,0001-01-01,Streaming,white|bing,,
E:\downloads_backup\Fucking Mature Women - Bing video.mp4,9535d0a6b327b985077ae0deae7c7744591d84ff7e6777158a93120d58531e74,0001-01-01,Streaming,bing,,
E:\downloads_backup\Fun with my mature Dutch slaves - Bing video.mp4,995f3930763c550a7c64209b0ba09440a8672d241c78a4a37e0759910c87569a,0001-01-01,Streaming,dutch|bing|my,,
E:\downloads_backup\F_f Spanking - Bing video.mp4,e163c07237b726f446e66401ca1673f045a032307d627cdcddfe60b01a23f884,0001-01-01,Streaming,bing,,
E:\downloads_backup\G3MMA M00RE Rainbow Dildo - Bing video.mp4,554b172178f6ab8b42bcf277cb1c6aa7a68530700601b559115eb1f170071e58,0001-01-01,Streaming,rainbow|bing,,
E:\downloads_backup\Gemma keeps on keeping on - Bing video.mp4,5b6c0b5d1da714aa15a7e59f8a03bf4884fb0dae1ba6bdff22f3761d0bd0281e,0001-01-01,Streaming,gemma|bing,,
E:\downloads_backup\GILF banged by a few BBC - Bing video.mp4,a05817b36b328f18524f9581840615c3a96ac44955ebb99730414d4e91bacb3f,0001-01-01,Streaming,bing,,
E:\downloads_backup\GINA JONES PRESENTS FILIPINO FUCK TOUR - Bing video.mp4,d98592c461dd49f3e570b7e976fcfed5752f780a1457c51b3d70e996eb1026ea,0001-01-01,Streaming,jones|bing|gina,,
E:\downloads_backup\Girl screams in pain as big cock enters her - Bing video.mp4,46b597221252a8fb37aff8c8ec78f2185e61899dbe91baf227ca82d7b271a51a,0001-01-01,Streaming,girl|bing|her|in,,
E:\downloads_backup\Granny 79 year - Bing video-1.mp4,00008a3fa6073ceb0ac4e7074bcead9a0e30e700ce5a36750c316822fab27919,0001-01-01,Streaming,bing,,
E:\downloads_backup\Granny 79 year - Bing video.mp4,7cebddd0d077cc048d55e87e967beae19aac3be65793129e8b9101ca04908c09,0001-01-01,Streaming,bing,,
E:\downloads_backup\Granny Bbc Magician - Bing video.mp4,83758660987c51d2df236e011116144be777d807a38384778b95f8ef1f679062,0001-01-01,Streaming,bing,,
E:\downloads_backup\Granny BELL FIRST TIME - Bing video.mp4,daff80420b88220298a01cf9b0e65e471b5e63b10eb40c754922fe2d69abb5cf,0001-01-01,Streaming,bell|bing,,
E:\downloads_backup\GRANNY BITCH SHERRIE PRESENTS GRANNY CUM QUEENS - Bing video.mp4,9230d793fe55515c177e26b28a0dbd0110522620db819c076079490c9f79f292,0001-01-01,Streaming,sherrie|bing,,
E:\downloads_backup\Granny Cum Eater - Bing video.mp4,78bc0d66ce2df5d394fcb5ce3443581c5871eaad356d881edde587192023326d,0001-01-01,Streaming,bing,,
E:\downloads_backup\Granny DDew #2 - New Leopard Print Dress - Bing video.mp4,01d2a5ff1985acb81358c33955de4d1e05afc69f1109f4b8ecd965d47ef85bb9,0001-01-01,Streaming,bing,,
E:\downloads_backup\Granny Gets Her Throat Wrecked By BBC - More at cuntcams.net.mp4,43dede6df6e3a0971c97d093111671575c89fe7fa4b657f48aed5fcbf6035df9,0001-01-01,Streaming,her,,
E:\downloads_backup\Granny has big black cock - Bing video.mp4,706dd73b5f1759afdff50d108c2bd5fc5282e522898fcf9f73aa96b002d8b3ad,0001-01-01,Streaming,bing|black,,
E:\downloads_backup\Granny Helen 82 years blowjob part 1 - Bing video.mp4,3526ed74e7e790d61aa819a1afbebbf9c2d3e73c0cf47d78e8427dd4c0683cdc,0001-01-01,Streaming,bing|helen,,
E:\downloads_backup\Granny takes BBC - Bing video.mp4,8e1087b18879d65120c72635c2dfa3c0651111e17273213bae456b5f8607e279,0001-01-01,Streaming,bing,,
E:\downloads_backup\Granny Throatfucked Into Submission - More at cuntcams.net -.mp4,676ab46776cfef7ae0c92377696915ec8c7d4bd501c02903a8de543bf3c7e3b6,0001-01-01,Streaming,,,
E:\downloads_backup\Granny with Huge Tits Takes A Pounding from Frat Brother - B.mp4,47f451e067b6317c4e425298281edb8e1760c466215867a92a4f4ebb6bfc54f9,0001-01-01,Streaming,brother,,
E:\downloads_backup\Great granny cunt - Bing video.mp4,d299a9c001a2c8f578fe4c2f5247ef4d894adadc5f12b1070e58c9a3a6bff9ea,0001-01-01,Streaming,bing|great,,
E:\downloads_backup\Great Moments Donna Gets Tossed Around After Work - Bing vid.mp4,c250705906c2cf76c2ad3d54366865a23dfc6345f26112aa30fb96b7f8187f65,0001-01-01,Streaming,donna|bing|great,,
E:\downloads_backup\Greedy granny.... - Bing video.mp4,9371c1714d01a6890457f7b073901d872ad28b70ea1979a6eb65eb3c7c0de5c9,0001-01-01,Streaming,bing,,
E:\downloads_backup\Hairy Granny R20 - Bing video.mp4,0775d1bb4b26655424371470c71c9b9de7c7708187b77688c899e9191ed5fc90,0001-01-01,Streaming,bing,,
E:\downloads_backup\Heidi Goes Black - Bing video.mp4,abbe1ac5270dc75f70bc4854181e433256bacc4b970582440edf257ad32582c6,0001-01-01,Streaming,heidi|bing|black,,
E:\downloads_backup\Home Bukkake for Nextdoor Mature Nympho - Bing video.mp4,3da1e2f03567b330a24b40db124f33df57e7f12698e7dfb77012cf79cc8b6cce,0001-01-01,Streaming,bing,,
E:\downloads_backup\Horse Dildo Fucking Covered with Cum (Bad Dragon) - Bing vid.mp4,f313efdf2114abf9b978c94d7cd5d7b991d1a916e8f1b2cff847597daccbab79,0001-01-01,Streaming,dragon|bing,,
E:\downloads_backup\hot granny loves bbc - Bing video.mp4,bd13b89d6bad669ae06f66e8f5a9a2a9b58ad40e26090180a966784809687ffd,0001-01-01,Streaming,bing,,
E:\downloads_backup\Huge Facial For Military Girl After Sucking BBC- DSLAF - Bin.mp4,8be90d7e18f79934f2991d5c753da3820649c0168950479e95200632b527a0d0,0001-01-01,Streaming,bin|girl,,
E:\downloads_backup\I've Always Found You Attractive - Bing video.mp4,1c6a4f32c9a58812086e10e22b3956c0fbb0b2ba5143828a5257d96c67e1e8eb,0001-01-01,Streaming,you|bing,,
E:\downloads_backup\InconsequentialGloomyChick-mobile.mp4,361f88d3da6cbfbb470e07817bc8c8c115f7c4761db6561444dbb9ec8d040ca7,0001-01-01,Streaming,chick,,
E:\downloads_backup\Inseminated by my Best Friend's Son - Bing video.mp4,2c42a7420850d96badb5291c03965755846082ba07397d014a205527c325bbe5,0001-01-01,Streaming,friend|son|bing|my,,
E:\downloads_backup\Interracial wife amateur - Bing video.mp4,56a6613d385dc76a76e86af9d545e8c0831b41a9f7af00a7a494ffd70072f379,0001-01-01,Streaming,bing,,
E:\downloads_backup\Introducing Jean aka Grandma Sal - Bing video.mp4,540d09ab565a2c11aa4c803e18ebc39f76b91e921433ed5f23c1aaedbc882725,0001-01-01,Streaming,sal|jean|bing,,
E:\downloads_backup\Kaedia Lang - Yes Daddy - INCESTFLIX.COM.mp4,03fd7942795cc1de5f009bccd83dd593a4168fea4d0a9166d2d61c7a10858cdf,0001-01-01,Streaming,lang|daddy,,
E:\downloads_backup\Kiki and Dakota's Naughty Goodbye (alternate angle) - Bing v(1).mp4,8a60bf23c34b3b8f3a0ab2c9e6de191837e9e880bb6fe68954e3c2264e888206,0001-01-01,Streaming,dakota|angle|bing|kiki,,
E:\downloads_backup\Kiki and Dakota's Naughty Goodbye (alternate Angle) - Bing v.mp4,16a411e800f18c0c24dc509c0a85faa6d4094568b2a6b745fcc8fcd8ffd08189,0001-01-01,Streaming,dakota|angle|bing|kiki,,
E:\downloads_backup\Kinky blonde loves stretching her ass - Bing video.mp4,c071b40c419711698faf79b96d77bb7f627cb2e5d12158bbfe40d86a9d9c76f6,0001-01-01,Streaming,bing|her,,
E:\downloads_backup\Lady Jayne Caned - Bing video.mp4,617bc61c3a5021a7603735e4e49b224b220961e5c371a41e5b7de0be04f67058,0001-01-01,Streaming,jayne|bing|lady,,
E:\downloads_backup\Lady Of The Manor - TG Creation - Bing video.mp4,6c5413544290d29e60c0a0c7db331229eb2a97c2412cc8d6b9bfe8804bda409c,0001-01-01,Streaming,the|bing|lady,,
E:\downloads_backup\Libby grandma - Bing video.mp4,8bfaec0138b0fc54a0ae6de1621434871f20dc94d11e1acf0b474234845330c1,0001-01-01,Streaming,libby|bing,,
E:\downloads_backup\Little -- Dakota Marr Ageplay little Space Daddy's - Bing vi.mp4,fe9d3d39ae9ed118917b68a7adfff885185d9581374fb21c53ec5635987722ed,0001-01-01,Streaming,little|dakota|vi|bing|daddy,,
E:\downloads_backup\Lola - Lola And The Arizona Mandingo - Bing video.mp4,d9176fec4701639a1b08d755934afa4eff4e0916dd22a96d14092519f1138b04,0001-01-01,Streaming,lola|the|bing|arizona,Lola,
E:\downloads_backup\Long fetish kinky action where mature - Bing video-1.mp4,f425e46f33fc4f1a1bf8bbf401e1088ae670095a0a9f48e877ff9987ac2bde26,0001-01-01,Streaming,bing|long,,
E:\downloads_backup\Long fetish kinky action where mature - Bing video.mp4,04f2ed62061baf9b7a39e4652a79b42d7cf1056270e1dc11f2b1ba8f0c1caa52,0001-01-01,Streaming,bing|long,,
E:\downloads_backup\Mahalomarcy Fetish Masturbating Chaturbate Video at Webcamsd.mp4,bb19983b4e40976e853680dcb021d0b90e122c922e56f8e32c0371126f0244de,0001-01-01,Streaming,,,
E:\downloads_backup\Mama cougar joins in on teen fun - Bing video.mp4,eef370df90f704333956af6e232a7afd722b15367ac4f5cef50fe7bd18f22fb3,0001-01-01,Streaming,cougar|mama|bing|in,,
E:\downloads_backup\Mandingo e Annie Cruz - Bing video.mp4,298d9d9187e8da319129c7d23b8e277eae1d0b246557913de251173bd934c893,0001-01-01,Streaming,bing|annie|cruz,Annie Cruz,
E:\downloads_backup\Mature & Big Caroline - Bing video.mp4,782854a3a265a669f706305f431487d190c5e354855c60217dd460c2c29cf418,0001-01-01,Streaming,caroline|bing,,
E:\downloads_backup\Mature Alison in stockings - Bing video.mp4,559f9cc779816c17e0588b4ac4ceaed9186e0809c67a32e4c802592bb198e4f6,0001-01-01,Streaming,alison|bing|in,,
E:\downloads_backup\Mature Big Boob bbw slut in Interracial Video - Bing video.mp4,b230ca5f1feeca6da2e05557c7975ca2cb8ca488b8648e35ab2ecb4187da5d2d,0001-01-01,Streaming,bing|in,,
E:\downloads_backup\Mature Cum Dump Sue - Bing video.mp4,29c555a0ed4829a55953a9b1a71b1701c6b92346a26a5ef7caa4d989e27d1160,0001-01-01,Streaming,bing|sue,,
E:\downloads_backup\Mature Lesbian Spanking - Bing video.mp4,89d6195366213bd5e8d019c513120ffcdd74d2e560b18de4a241fb0dbf7222c5,0001-01-01,Streaming,bing,,
E:\downloads_backup\Mature MILF Fucks Young Black Guy - Bing video.mp4,16b4cf90ac72adf2386a88c44129b94324b82a4551160407973fcc4f873017c8,0001-01-01,Streaming,young|guy|bing|black,,
E:\downloads_backup\Mature Redhead In White - Bing video.mp4,1d5b7a7d91c254c0b2ebf4ebcaf7c415db9e0de8dd018352e492f5cebc41286c,0001-01-01,Streaming,white|bing|in,,
E:\downloads_backup\Mature wife getting some young BBC - Bing video.mp4,a20674622bc659f50f914b4a533148bba1cebf17d37744b9c1a971a3821d41a1,0001-01-01,Streaming,young|bing,,
E:\downloads_backup\Mature wife loves it when it hurts - Bing video.mp4,e1291fcbdec0e087e1fa0b6c1da958bee6fd7a7db45504da7417828835ed8fc6,0001-01-01,Streaming,bing,,
E:\downloads_backup\Meet Bunnie Hughes! - Bing video.mp4,fabae7e9bd466314684c852da6ba629dc3a9ec82eb1176f9febe532fd8f5d55b,0001-01-01,Streaming,bunnie|bing|hughes|meet,,
E:\downloads_backup\Mercy is your Tiny Sister (pov) - Bing video.mp4,6bd6d5ca6e7bb6071a743ab58be5883d0ec1907d82679952c8cd34de3be04539,0001-01-01,Streaming,sister|tiny|bing|mercy,,
E:\downloads_backup\Mistress Bella Vendetta and Bettie Bondage - Bing video.mp4,bcf6dbe9688b8bbd34ba968ecfd9434ba262680c38d5113cb59c9ac95e9217d8,0001-01-01,Streaming,vendetta|bella|bettie|bing|mistress|bondage,Vendetta,
E:\downloads_backup\Mistress Granny Lacey canes her younger pupil - Bing video.mp4,d2b19ffafe657ca7566e21edb3df6b461f8b8ebf77efca0bc3202c95938eb9f1,0001-01-01,Streaming,bing|her|younger|mistress|lacey,,
E:\downloads_backup\Molly Maracas and Lady Sextasty 1 - Bing video.mp4,79de76b23c8d6225a2084f28c59c327e61a3a680c4baed752ba16c3d1af27362,0001-01-01,Streaming,molly|bing|lady,,
E:\downloads_backup\Mom and Daughter share BBC - Bing video.mp4,c750f7e36e3ef2798ba7b34853e70741159f4dd7d7da5edc907ba99777266697,0001-01-01,Streaming,bing|share,,
E:\downloads_backup\Mom feels horny today - Bing video.mp4,830541a79a3c15ac1635d536c401c0aac954d65d693f8ccf1e3cbe0f32105eb2,0001-01-01,Streaming,bing,,
E:\downloads_backup\Mom sucking black teenage cock while husband is out - Bing v.mp4,f136ffba8f9ade4ff3d93cb64f37fae4faf25d4aeb2855aa36d9652fa0083705,0001-01-01,Streaming,bing|black,,
E:\downloads_backup\Mom Sucks Off Son. - Bing video.mp4,ba7a579079071d56472659adc3ed2b47756a67feacf9764996b04bb9fe657deb,0001-01-01,Streaming,son|bing,,
E:\downloads_backup\Mom Teaches Son to FaceFuck - Bing video.mp4,1fca5c4f207936bc07a5cf34af764174e95f4cf21801471cfa2d43f75a75dd0e,0001-01-01,Streaming,son|bing,,
E:\downloads_backup\mom tied up - Bing video.mp4,ca5390462ba2d30350f71b4198b694e4b3440f97dcb8cb495ee85b735d4db49c,0001-01-01,Streaming,bing,,
E:\downloads_backup\Mommy Afton - Mommy Wants You to Fuck Her - Bing video.mp4,d86a6db79a0702b3b4216fadb66ddb0789d8bb1e00c7f1a1075037f921d32b2e,0001-01-01,Streaming,you|afton|bing|her,Afton,
E:\downloads_backup\Mommy Afton - Mommy's Bedtime Stories - Bing video.mp4,86612c7df6eb85970bf7be0aa9ca5e70c90dc352986870d9d625bc7ba7624db5,0001-01-01,Streaming,afton|bing,Afton,
E:\downloads_backup\Mommy Afton - Mommy's Mad at You - Bing video.mp4,6dbf96e98d4e5bc4f0578d022c2f3dd319234d690f87872b296edad308f40af2,0001-01-01,Streaming,you|afton|bing,Afton,
E:\downloads_backup\morgan ray - Bing video.mp4,e0e23b91b290b40143373e82664002cc0d2815b567bb1460273f156f7fb22bb6,0001-01-01,Streaming,morgan|bing|ray,,
E:\downloads_backup\Most Trending And Hottest Mature Pornstars Of 2018 - Bing vi.mp4,bb6bcc75954113abd9fea528007959258daa22173406855da391d213237a8a30,0001-01-01,Streaming,vi|bing,,
E:\downloads_backup\Mother and Daughter Nude on Webcam - Bing video.mp4,b399b09c29be4ebc908384d7a28b7a43a97110dc3f6ad5b017704be2c92e9152,0001-01-01,Streaming,bing,,
E:\downloads_backup\Mother and daughter talk dirty again - Bing video.mp4,7a9bf6afd089a02cc1e739a1787d4d6a9c1cc91c167721b66c1f374a5fa13f61,0001-01-01,Streaming,bing,,
E:\downloads_backup\mother and NOT her daughter with black dick - Bing video.mp4,259ba49fdd508aa1ff83a17b35dfbda112ba271291b118b9ad56c644d8973f1b,0001-01-01,Streaming,dick|not|bing|her|black,,
E:\downloads_backup\muscled slave orgasms - Bing video.mp4,0e49a51e03468275dd09a3bb9b0f0c8670d64bd70400455682e2c994d70e14fa,0001-01-01,Streaming,bing,,
E:\downloads_backup\My mature wife receives black cock - Bing video.mp4,8fb3cfe0f0000158e5c2c365611962dd6c77725f28ca1ae14bea9f11613d841f,0001-01-01,Streaming,bing|black|my,,
E:\downloads_backup\My Piercings - Pierced pussy MILF fisted by her master - Bin.mp4,62158ad8945c8f04ef2c85ad80386d9a8fb9360401c7e58f2ffd2b9127a364b1,0001-01-01,Streaming,master|bin|my|her,,
E:\downloads_backup\NaughtyDesiree 1 ChocolateCookie - Bing video.mp4,d2b8d20618861b095a3b6204d0382737539bc87efb5e4517a41c2a738f006d8b,0001-01-01,Streaming,cookie|bing|desiree,,
E:\downloads_backup\NegativeVacantBoar-mobile (1).mp4,255c3e5c22bd5f8d710950cb76011defe5b40da972c1eda423364156980c2b98,0001-01-01,Streaming,,,
E:\downloads_backup\Nerdy married bbw fucks bbc on video for hubby - Bing video.mp4,2e45f1bb9512ed24f4b428300d1e0ccb430a3e961ca957aedc8dac687121940b,0001-01-01,Streaming,bing,,
E:\downloads_backup\No Gag Reflex 5 - Bing video.mp4,eabd16219ea463f5890d663c1da8186dd35d3c493f916955bda2887cfd41bd44,0001-01-01,Streaming,bing|no,,
E:\downloads_backup\Old + Ugly Tribute Compilation 6 - Bing video.mp4,7beb1cfaf5cd98ef82487d871dd77dc3efba64ff8a28507e1e2b694a72d5ba58,0001-01-01,Streaming,bing,,
E:\downloads_backup\Old BBW VS BBC - Bing video.mp4,bdeb953bd4922727991b9f9466515f7b4608202cdd4945ea6381ad7064551bbf,0001-01-01,Streaming,bing,,
E:\downloads_backup\Old Granny with Floppy Tits Flexes on Cam - Bing video.mp4,f1cb3e189f03ddf83990626722d2ab2334d624e4cd2bea47f1a4c008a5dce0ec,0001-01-01,Streaming,bing|cam,,
E:\downloads_backup\Old southern wife loves black cock compilation - Bing video.mp4,fc317ca2240ad71d739c5e4999b0539c243fdefff594e95a8ddb34a481421130,0001-01-01,Streaming,bing|black|southern,,
E:\downloads_backup\Passionate Lesbians Eat Pussy and Orgasm - Live Cam Show - B.mp4,4e6890e09ccb718223181942a11ac18d51d2743f53483d3a7ad578ea9985b06e,0001-01-01,Streaming,passionate|cam,,
E:\downloads_backup\Pig Slave - Bing video.mp4,56ffa0089d9ada711aa561576bcf3b6600821b09c88e4fba6466ca866a1ac405,0001-01-01,Streaming,bing,,
E:\downloads_backup\PlainPassionateAmericanblackvulture-mobile.mp4,db76c0ae543f00e4731cda5ce651ec56dd893c12448db83ad3e52455c8aa8911,0001-01-01,Streaming,passionate,,
E:\downloads_backup\Plump redhead cum dump - Bing video.mp4,8ab67e6f9b0adcdfbc8b90998c1e2efc9339ce78fbcf20c032ee7fddb2b57887,0001-01-01,Streaming,bing,,
E:\downloads_backup\Plz fuck my wife with your big black cock (cuckold) - Bing v.mp4,e807e99ae9c944cf9c2125bc23438f19fd061ea07ceb29c746d9a4216d465b07,0001-01-01,Streaming,bing|black|my,,
E:\downloads_backup\POV BJ BBC Compilation - WMDGB - Bing video.mp4,d04677aa29be5683c8e497c1ee7f2526196e658891b4f5abb3db19c83cf94d8b,0001-01-01,Streaming,bing|bj,,
E:\downloads_backup\Pp Horse Dildo - Bing video.mp4,b4e180c7b8a37d702b7fad45297568a3b7b8bfe4b32d02f49207271db943bfd2,0001-01-01,Streaming,bing,,
E:\downloads_backup\Rain DeGrey - Bing video.mp4,be116c023732e91be47dec4da220d30f575f5428cb4c638345718a90cfedcada,0001-01-01,Streaming,rain|de|bing|grey,,
E:\downloads_backup\Rain DeGrey Double Teamed by TS! - Bing video.mp4,8e7310d98e1315d194f1b50b0e55ec4c5ed1dc97905674d3ba72926a7a8e5894,0001-01-01,Streaming,rain|de|bing|grey,,
E:\downloads_backup\Rain Degrey enjoys hardcore BDSM experiences - Bing video.mp4,e1200fde4d06226912aea8bea16ecb40adf54c35aacee9244033268f58d7503b,0001-01-01,Streaming,rain|bing,,
E:\downloads_backup\Real mom and daughter - Bing video.mp4,81bdc1a61132f07ace3944b64d37c27bfd60df41670a2caa62c676b541a20a31,0001-01-01,Streaming,bing|real,,
E:\downloads_backup\REAL Mom begs son to cum in her mouth - Bing video.mp4,11af5ee9949d5efac3d1f025cdf8eb42e86a7b38aac9fbd24e851399bb6256f0,0001-01-01,Streaming,son|real|bing|her|in,,
E:\downloads_backup\Real mom helps son - Bing video.mp4,19e3c2e4f905091db88063a63e64190d3c51394b5b89c750fa72a51b3f5fb61b,0001-01-01,Streaming,son|bing|real,,
E:\downloads_backup\REAL Mother and Daughter - Bing video.mp4,0e77febe49044b38a8d770e24b3d82300ed7e0114ec3bbd551b72a8c1d41d0b4,0001-01-01,Streaming,bing|real,,
E:\downloads_backup\Real Mother and Daughter Sloppy French Kiss - Bing video.mp4,f061c6fb13a2c838e1e4dd70e615f1e2109c709476282e083e1b9f58e282fdd3,0001-01-01,Streaming,kiss|bing|french|real,,
E:\downloads_backup\Red Head Katy Kiss Struggling in Belts Bondage Orgasm - Bing.mp4,9f9ce943c5e58d8d122039dc26bb0e574cec63a4de81d3d05c5d046d794554f1,0001-01-01,Streaming,katy|bing|kiss|in|bondage|red,Katy Kiss,
E:\downloads_backup\Redhead and BBC - Bing video.mp4,4bdd556b6d9e121cee0f39b708c89fe3e5a8e9590aa38370ebb137a7b2440c8f,0001-01-01,Streaming,bing,,
E:\downloads_backup\Redhead Gagged And Fucked By Big Strapon - Bing video.mp4,87a13cc18bd8a81866b3e0a90e0d5e099f58207ba446b799dcec310653c175f2,0001-01-01,Streaming,bing,,
E:\downloads_backup\Redhead MILF BBC Pain - Bing video.mp4,3e629750206eba91b740effcd269246c9531535beb294082babc32a4befba621,0001-01-01,Streaming,bing,,
E:\downloads_backup\Redhead Milf Ivy 69 with multiple orgasms and a throbbing cu.mp4,4f51d623bbcf95b9c91cb1e660b608707f71aa0bb937637e3a7a31f371aaa0ce,0001-01-01,Streaming,ivy,Ivy,
E:\downloads_backup\Redhead Teen need BBC in her young ass - Bing video.mp4,9c17c03cbbbb49fcedf2160175cd275fef515dd33350e47cc73f492a627e6e76,0001-01-01,Streaming,young|bing|her|in,,
E:\downloads_backup\Rip to my Pantyhose - Pornhub.com.mp4,f67c31ed6c2ae1fbbbc2a1f2e48af434b9aefc4eff89ff204edff9c87616c39a,0001-01-01,Streaming,rip|my,,
E:\downloads_backup\ROUGH LESBIAN STRAP ON CAM SHOW - Bing video.mp4,a40b018b021ba58248a9e9a88a5392566f8c6096769063f5b544420dafcf1f8b,0001-01-01,Streaming,bing|cam,,
E:\downloads_backup\Rough Play 2 - Bing video.mp4,b1fa4bf335fe4979964abb7843079cd7913a324dddd1e7c336427b452567609d,0001-01-01,Streaming,bing,,
E:\downloads_backup\Sammi Starfish Compilation - Epic Milf Ass - Bing video.mp4,aaa4b28c0522b6c7cc19716e97182fb53d17897cc4c8b9ead2da1e92c36f1593,0001-01-01,Streaming,epic|sammi|bing,,
E:\downloads_backup\Sammy Sable Loves Her Black Dildo Porn Video - Tube8.mp4,7b06db93cc6c345170349accf7ff488dacc8ee674993f418ea9a476d6f2179f8,0001-01-01,Streaming,sammy|sable|black|her,,
E:\downloads_backup\SammySable Riding a Black Dildo and Orgasm - Bing video.mp4,704753498f327eaf07344beb0621c5a5ac35efdb012b742d53cd260599c74b60,0001-01-01,Streaming,sammy|sable|bing|black,,
E:\downloads_backup\SAY MY NAME FULL VIDEO - Bing video.mp4,6974f720398dba57838beba575a150837749b00bd02deec1642e7e505140db4a,0001-01-01,Streaming,name|bing|my|say,,
E:\downloads_backup\School Girl Cums over & over - Pornhub.com.mp4,2519d9e6f26b152cd2f3859dcd4b4b12798a65e9c1b70bd37b7eff5f49d0c31c,0001-01-01,Streaming,girl,,
E:\downloads_backup\School Teacher GRANNY gets FUCKED - Bing video.mp4,a12a38e1f87755e1f17a54418386a0273160c80c5d5570bda2c515080f4e684f,0001-01-01,Streaming,bing,,
E:\downloads_backup\Schoolgirl Babygirl Teen Slut Bathtime For Daddy - Bing vide.mp4,d7b4687a4697bed0fd9dd384f272f78cf06630c3c2611f9d87ad3c5b469f478e,0001-01-01,Streaming,bing|daddy|babygirl,,
E:\downloads_backup\Sexy Brunette Gilf nailed by BBC - Bing video.mp4,de0498a5c5fb819103c658d87d034872eaf9f73eeb56a99ff4390743efee6791,0001-01-01,Streaming,brunette|bing,,
E:\downloads_backup\Sexy Granny 63years old - Bing video.mp4,eee843b581895aca336f0f1529e47b51eb476847695c382adfcbc1bb6cdbb840,0001-01-01,Streaming,bing,,
E:\downloads_backup\sexy MILF Dee B1 - Bing video.mp4,166eed184c6a18622f350bfb73a03a8da6d81f6a0e834555368815acc64e342b,0001-01-01,Streaming,dee|bing,,
E:\downloads_backup\Sexy Older Moms Loves Fucking Big Black Cock in Interracial .mp4,a2290fb4870a60b509332043dc149e99b8c4fb8026d0ba6b896441d360dad261,0001-01-01,Streaming,black|in,,
E:\downloads_backup\Short Sexy Compilation of Bunnie Hughes recent Porn Videos -.mp4,208da574f6de20dcd5a5cf74f114ff9291055c04a4f2257876384829acc782b3,0001-01-01,Streaming,bunnie|hughes,,
E:\downloads_backup\Skinny Sexy Granny Erotic Video - Bing video.mp4,1e077a6b8e08c12ae993c96fe5f7ea021456e28afa1780f9590993dd8738bbaf,0001-01-01,Streaming,bing,,
E:\downloads_backup\Slave Pig rose's Valentine Gift - Bing video.mp4,4b69c7a14c43c983b9cfc0fad8fab9b076d79e9947f70746de72d25898b5fb33,0001-01-01,Streaming,rose|valentine|bing|gift,,
E:\downloads_backup\Slender Asian Slut Fucked Hard by Lezdom Strapon - Bing vide.mp4,14ea566a828bce33b1ef980dd43ceed73b13f73aa2373815cf1b97044d3414b0,0001-01-01,Streaming,asian|bing,,
E:\downloads_backup\Southern Independence - Bing video.mp4,759fc03ad1b11be0acecf96057a1fa7e859815e3f7c219797de0759099c53f33,0001-01-01,Streaming,independence|bing|southern,,
E:\downloads_backup\Southern Mature Lady Enjoys Her BBC - HOT! - Bing video.mp4,1ad5ad8187c79a679eeec262c448f862daf981723802ec5cebe6ddc9566a5600,0001-01-01,Streaming,lady|bing|her|southern,,
E:\downloads_backup\Southern MILF - Bing video.mp4,c5455fb5a098d9a3c66ec1a21404b00077ec7b3350253c8e6a352b37c9c3584a,0001-01-01,Streaming,bing|southern,,
E:\downloads_backup\spanking FF - Bing video.mp4,ba64e3f98964caad9f92a57a66c0c229cafe48c0c4b9338a21241d65021d48aa,0001-01-01,Streaming,bing,,
E:\downloads_backup\Submissive Ebony - Bing video-1.mp4,12f6ec3a543a624a5a50f48567e0eaa651681d8f395f7918478821e0e5efe662,0001-01-01,Streaming,ebony|bing,,
E:\downloads_backup\Submissive Ebony - Bing video.mp4,f8444ccccb373c86b8df5d320c4e3c486f493b87f90b1cb63175bcf8069f16cd,0001-01-01,Streaming,ebony|bing,,
E:\downloads_backup\Submissive Fat Pigs & Chubby Slaves (Video Compilation #2) -.mp4,f4c64a3a2cc2c3827e53ac36c839fc4c6b5ccf2f82f51b256d40be249f42cb14,0001-01-01,Streaming,chubby,,
E:\downloads_backup\Submissive Girl has Multiple Intense Orgasms Bound Intense C.mp4,46de7eb1a9690a31ebfb1406382272f4c888e9acc9d967d7948dea6947e0ba1e,0001-01-01,Streaming,girl,,
E:\downloads_backup\Submissiveplz Anal Toy - Bing video.mp4,74b0dd37bc44b6770bce38133a9abaa1a602504d87d119a8fe91b48e68ae2728,0001-01-01,Streaming,bing|toy,,
E:\downloads_backup\submissiveplz and a dildo - Bing video.mp4,4e1d693a6bee5b363ff636c2690c8ea37dd82bbbd77abb2f1fd0e64c6661c827,0001-01-01,Streaming,bing,,
E:\downloads_backup\Submissiveplz Fucked by a machine MOTHERLESS.COM ™.mp4,ea14c39ded83d90ff2ebaeda52522847e8accf12fb522f8df7bf2b427925a721,0001-01-01,Streaming,,,
E:\downloads_backup\submissiveplz Masturbation - Bing video.mp4,c4d2bf389db0353264cae034cf39b5e7ace4fa8c831b259cbe0bfd89a4ef48d9,0001-01-01,Streaming,bing,,
E:\downloads_backup\sue palmer cum dump and web whore - Bing video.mp4,d64d10eb5cde8a6793aefea1594cd322552165e905da489d3b5473fbc75af492,0001-01-01,Streaming,palmer|bing|sue,,
E:\downloads_backup\Sweet Brandy - Bing video.mp4,6d28f5749dd060cc1d9a9346b4d40f1e23d525a2f3b747c948f5dddd60b7f838,0001-01-01,Streaming,bing|sweet|brandy,,
E:\downloads_backup\Taboo at Clips4sale.com - Bing video.mp4,dd174f783630658702b742133eb12a9712b4009d14772588000722cb209e224e,0001-01-01,Streaming,bing,,
E:\downloads_backup\Taboo Step-Daughter Mom Equals EPIC BLOWJOB - Bing video.mp4,ac23a6e7fd2a0b84ff2bb810561d9ac74d1f559b33db7cea9cd271c4021cee6f,0001-01-01,Streaming,epic|bing,,
E:\downloads_backup\The best bbc bbw wife sharing video I have ever seen ... - B.mp4,6357923257ffe1070c0582c22680d45ed1daced6e1b0c3421e12cf92fc68b9a4,0001-01-01,Streaming,the|ever,,
E:\downloads_backup\The Boss - Bing video.mp4,06dc7e7706fe38862392474fff7597a2df5e5ce8f102bd7435f5ba4b7a0a4808,0001-01-01,Streaming,boss|the|bing,,
"E:\downloads_backup\The Lamp, Walking Naked, Spreading my Legs Wide. Playing wit.mp4",3ab1e6274d55aca5b70a47f3b368238447b4e231b606e50aea82499fbd8da7ef,0001-01-01,Streaming,the|my,,
E:\downloads_backup\The Webcam Hijacker by xMochaPuffx - Bing video(1).mp4,a7a50a1dc4666e56c4666d77b45ebfacbb6de1a7758e74330544e9702a04d126,0001-01-01,Streaming,the|bing|mocha|x,,
E:\downloads_backup\The Webcam Hijacker by xMochaPuffx - Bing video.mp4,a7a50a1dc4666e56c4666d77b45ebfacbb6de1a7758e74330544e9702a04d126,0001-01-01,Streaming,the|bing|mocha|x,,
E:\downloads_backup\Throat Fucked Milf Sammi Starfish - Preview Clip - Bing vide.mp4,d7520cebdda9a829818a1e654ee866386212b4174448de60093112071aee2186,0001-01-01,Streaming,sammi|bing,,
E:\downloads_backup\Tiny Ebony Mom Is My Anal Slave - Bing video.mp4,43abacffc87f1ec68ecaa0504e52f4c9e16f2a2028857b76842716a9d7af3e26,0001-01-01,Streaming,ebony|tiny|bing|my,,
E:\downloads_backup\u0938u0941u0902u0926u0930 u0939u0938u094du0924u092eu0948u092-1.mp4,c55f93838d108e6a16efc178ce3307ca1fd339f0287601fe734c1b701910590d,0001-01-01,Streaming,,,
E:\downloads_backup\VID_20191027_044727095.mp4,3173d6bb3cd34e5ce8a5fc85cd3b3431beba789da47b4e8db8d9daa1fb715888,0001-01-01,Streaming,,,
E:\downloads_backup\Wet and Messy Deepthroating from various angles - Bing video.mp4,d15164e8622c5a6e5a6704916094d4d5e6ea38c67e6cb365360c60c670b84847,0001-01-01,Streaming,angles|bing,,
E:\downloads_backup\What A Big Cock You Have-ROLEPLAY2018 - Bing video.mp4,9bb650f22e13a13cc2d1eda91e9b5c6f1a0627e2f3b264205cfbc050abbd7d00,0001-01-01,Streaming,you|bing,,
E:\downloads_backup\White Granny Sucking the Fuck out of that Black Dick - Bing .mp4,7a17812a7e8e7edf6b65088343d1d13cc10057e73f859791c68b9530a4c31ee9,0001-01-01,Streaming,dick|bing|the|white|black,,
E:\downloads_backup\Wife Satisfies Huge Black Cock - Bing video.mp4,8c2b574c784c74b5c1d6a102ef597a5fa963e9e06af8ca927402034331b329c6,0001-01-01,Streaming,bing|black,,
E:\downloads_backup\Women Who Really Know How To Fuck #01 - Bing video.mp4,ec2a24f603788ceadd4d0a2b010d7ca5ca81d15fd291b1f04f59f6e9785103a6,0001-01-01,Streaming,bing,,
E:\downloads_backup\Yummy Mommy and Granny by Satyriasiss - Bing video.mp4,2e07385bd1836b791f2ecae6a38d78a1fb5f9f8fc6f9360d1eb6aba22058f910,0001-01-01,Streaming,bing,,
E:\downloads_backup\[WMDGB] Sierra Skye - Bing video.mp4,54ea053e0b5f74f4f88c726e414d9a0e625e8e148b33938eb0ad9c1a4e42e4cf,0001-01-01,Streaming,sierra|bing|skye,,
E:\downloads_backup\Kierra Wilde Gets Her Holes Drilled By Black Men - Bing vide.mp4,927877a4abaded33b3687ef60faa1675c9df8d4e98c9de5a359557962bf06c7b,0001-01-01,Streaming,bing|her|wilde|kierra|black,Kierra Wilde,
E:\downloads_backup\Walking Cum Dump Needs Her Black Seed Fix! Part 2 - Bing vid.mp4,2b61e3004429a1071326d00ee6b1e80d7d034a4e217fb9b970d3d77eecd79fed,0001-01-01,Streaming,bing|black|her,,
E:\downloads_backup\42939_Violet.mp4,05bd4f757fc6b62aac03c99d89ee3a138ccb7c45fed2b69cad84ca631c9b83d1,0001-01-01,Unknown,violet,,42939
E:\downloads_backup\43199_FrancescaLe_AlanaCruise.mp4,0f6f4db79c6a4db9af58e0ef791754c6f11c29ea1e74964c27d2897e4b13499a,0001-01-01,Unknown,le|alana|francesca|cruise,Francesca Le|Alana Cruise,
E:\downloads_backup\44500_EB_DanaVespoli_KendraSpade.mp4,c9e33a68f570350683b31e95e38cf4aaa0ce6dac27a8d55b345640bf29fa19da,0001-01-01,Unknown,kendra|spade|eb|dana,Kendra Spade,
E:\downloads_backup\44969_foxxx.mp4,3add59a91b1540e0a38d755bfe9dd9a5c275fce47e8943a2c4ed0e226bfd9119,0001-01-01,Unknown,foxxx,,44969
E:\downloads_backup\VioletCookedFurseal-mobile.mp4,2a534183d09f3f0df7a65df0b47596040f22872d7bc0bb310b9934ea96fb17a5,0001-01-01,EroMe,violet,,
