file_path,hash_sha256_10.0_MB,date_set,source,name_parts,actor_set,unknown_tokens
E:\downloads_backup\1F3EB5F9-00E1-4316-9F58-093655ADCB02  EroMe.mp4,84a7028730560b0cb4aa9e90ca4beccd25d7323523b4509323a18cde20f00330,0001-01-01,EroMe,me|ero,,
E:\downloads_backup\3a3a2142724aea4ce02f9886f343fe3f.mp4,6e6e6015b24a69d960a180583067f52dc85fc202940e37721513a14aabe5c685,0001-01-01,60PlusMilfs,,,3a3a2142724aea4ce02f9886f343fe3f
E:\downloads_backup\A Little Ageplay - Take My Virginity Please.. - Bing video.mp4,ab1dcb6d764ac44aab51629d0736f462cae0b5354a4b7eea6c0a9b422b0cc1cd,0001-01-01,Unknown,bing|little|my,,
E:\downloads_backup\Age Play - Bing video.mp4,a7b89fe39887803ba1986bb2e8e3325811b092f58910afe33abb224d1af47385,0001-01-01,Unknown,bing,,
E:\downloads_backup\Ageplay and sex slave roleplay - Bing video.mp4,912778b30839d6c897c7580fe57c0489f20e93d1a3aa380e4d3a78b13403f610,0001-01-01,Unknown,bing,,
E:\downloads_backup\Amber.mp4,b6a4d363d7852f455e232ba85c9ecf70872013fdbcff773228cbb79033dadaeb,0001-01-01,Unknown,amber,,
E:\downloads_backup\Anal for Jesus - Bing video.mp4,a4b8b9b54f56bca7a7fd52f306faa4b359b6e683b0256ce1aaf14d5be2688150,0001-01-01,Unknown,bing|jesus,,
E:\downloads_backup\Asian granny doublefucked while her husband is out - Bing vi.mp4,4e25992fffff323dd593181277d3287b6f6505f0b8d3fd9cbd7975820eba2135,0001-01-01,Unknown,bing|asian|her|vi,,
E:\downloads_backup\b9f42b521402992e43618d8f918858df.mp4,b17dfcc623278f5f2b8d530b1efd65de11a86f116f69934ba05140fe16ccd183,0001-01-01,60PlusMilfs,,,b9f42b521402992e43618d8f918858df
E:\downloads_backup\BadDaddyPOV.19.10.22.Kendra.Spade.Jerk.It.For.Me.Stepdaddy.XXX.1080p.mp4,fe438d9553391b0384c997fbf17095ede9109288354165ccc0b7ece783e7aa76,2019-10-22,TeasePOV,daddy|me|kendra|spade,Kendra Spade,
E:\downloads_backup\BBW Hippy chick and other BBW's on Sybian - Bing video.mp4,f5204ab1a8678daea385b4bea81f3f920d268270588828c0185cab6be16cefc0,0001-01-01,Unknown,bing|other|chick,,
E:\downloads_backup\BC822489-F531-4582-A9DD-675AB3049DA1  EroMe.mp4,d8f33473a924f3238100e3213e375b3b1a332f2e37a6ff4556b7d0f2c5320fe8,0001-01-01,EroMe,me|ero,,
E:\downloads_backup\BCM.19.10.22.Laney.Grey.Getting.Some.One.On.One.Time.With.A.Bcc.XXX.1080p.mp4,7c552f394bddaba9313c6359c16fe12dccb687c98eb5a42460702731a8eda69f,2019-10-22,AGirlKnows,laney|grey,,
E:\downloads_backup\BCM.19.11.20.Kenzie.Reeves.Making.Cheerleader.Squeal.For.BBC.XXX.1080p.mp4,91775265aac7c5179dbc8976c8831cd8821af6ab0d30623c97faaf152c9759bb,2019-11-20,HushPass,reeves|kenzie,Kenzie Reeves,
E:\downloads_backup\BigWetButts.19.11.03.Abella.Danger.Working.His.Pole.XXX.1080p.mp4,a107aa1ef45267f7c5d65e4442c853c11adfaf03ed95866ab7dbc7b1e68d76b7,2019-11-03,KinkySpa,danger|abella,Abella Danger,
E:\downloads_backup\BlackAmbush.19.11.16.Isabelle.Ryan.XXX.1080p.mp4,c7f9d759c2dedfb005be3ae884837650a3b7cc5738dd9eb58ad2e602bedd1fec,2019-11-16|2016-11-19,TrueAmateurs,isabelle|ryan|black,,
E:\downloads_backup\BLACKED.17.10.17.Hannah.Hays.XXX.2160p.mp4,84dce4bc74edf06043cb3c23ee8b5a694ebbcfe26017822c1f64bddcbcb94274,2017-10-17,SwallowSalon,hannah|hays,Hannah Hays,
E:\downloads_backup\Blacked.19.11.16.Ryan.Keely.XXX.1080p.mp4,2d978d9f123b6ffae4fdbfab570b30be14afbfcb9362d805aa399973c7535247,2019-11-16|2016-11-19,TrueAmateurs,ryan|keely,Ryan Keely,
E:\downloads_backup\Blacked.19.11.21.Joey.White.And.Sami.White.XXX.1080p.mp4,fb99fde493eec3b54f488772e454e080412505bdf0f76ea555e30df5f1562fa5,2019-11-21,TrueAmateurs,white|joey|sami,,
E:\downloads_backup\BlackForWife.19.10.26.Becky.Bandini.Divorcees.Invitation.XXX.1080p.MP4-KTR-Pornfuscated.mp4,82fc20708ffc421f69ed058198abcfe6077c667a6a3c3ce9cc7bf4271520684d,2019-10-26,BlackForWife,black|becky,,
E:\downloads_backup\BlackForWife.19.11.09.Lexi.Lore.Lexis.Sex.Therapist.XXX.1080p.mp4,8b0d2f1a39e1e764dd6f0235bbb8b42aaacef63c1c1e6cfcf69008e690a0b0b1,2019-11-09,MatureGapers,lore|black|lexis|lexi,Lexi Lore,
E:\downloads_backup\BlackForWife.19.11.23.Kenzie.Madison.Pleasures.Of.Cheating.XXX.1080p.mp4,e79075135efc2436f43556fec3e9361338ec22f88aabf8cfcff2ca781229a55f,2019-11-23,BlackForWife,black|madison|kenzie,,
E:\downloads_backup\BlackPayBack.E34.There.Was.Collusion.XXX.1080p.mp4,bf1af2b253e6ddbf9e7dcf56c89201ac24ac4f9d4a4e1a4f9ae812e248670152,0001-01-01,BlackPayBack,black,,
E:\downloads_backup\Blair.2-Ghetto.Gaggers-ghettogaggers-Episode.mp4,abce465d3f1908045b800a258484da86b1565e916d1565f3b540ff7eb102f7a2,0001-01-01,GhettoGaggers,blair,,
E:\downloads_backup\brattysis.19.10.11.bunny.colby.redneck.party.mp4,fa257c9b9f5c0c39b5edbd50418bcb02e0a4af2123cea8c6086244cd3816bd3a,2019-10-11,TrueAmateurs,bunny|colby,Bunny Colby,
E:\downloads_backup\BrazzersExxtra.19.11.09.Kira.Noir.And.Demi.Sutra.Strap-On.Strap.Off.XXX.1080p.mp4,669a2b95ca0b50636b3a2ab60cc87471a2fd20f2a35d7aa28e1b934db20e21a8,2019-11-09,MatureGapers,noir|kira|demi,Kira Noir,
E:\downloads_backup\BrazzersExxtra.19.11.17.Abella.Danger.The.Pearl.Of.The.Sea.XXX.1080p.mp4,cc47241d6825411e5bcc7692059431f1e9de39a0128edee9d9cf89974b56befb,2019-11-17|2017-11-19,BrazzersExxtra,danger|pearl|abella|the|sea,Abella Danger,
E:\downloads_backup\BrothaLovers.19.11.02.Tia.Cyrus.XXX.1080p.mp4,3563757e375415b87a8ea6d9b006b07a8d50211298fb857bac30a59c6b82e2bb,2019-11-02,Exotic4K,tia|cyrus,,
E:\downloads_backup\BrothaLovers.19.11.19.Jennifer.Ashton.XXX.1080p.mp4,ee7bb0c8538f08796eb729a594e41022f2645551a6cb94f5b7d0e16321a4523f,2019-11-19,TrueAmateurs,ashton|jennifer,,
E:\downloads_backup\BrownBunnies.19.11.22.Nyna.Stax.XXX.1080p.mp4,5e6f8dc78ebe32bef0cd8ad540a62fcc7711f442f6231364bd9365bb565045bc,2019-11-22,TrueAmateurs,brown|nyna,,
E:\downloads_backup\BrutalSessions.19.10.28.Cadence.Lux.XXX.720p.mp4,ee75fa642d2003481942f1a4238677569120f3cbf013722aa8df9df67d4574a0,2019-10-28,BrutalSessions,cadence|lux,Cadence Lux,
E:\downloads_backup\ClaudiaMarie.19.10.30.Breeding.Of.The.Hucow.XXX.720p.mp4,bcf38a38ccdd3e55ac218dfe464a9388c2bb42c5a0f9225fa1443cee0cd99954,2019-10-30,PrivateSociety,marie|claudia|the,,
E:\downloads_backup\Cum in me Daddy JOI Roleplay from Sexyredfox89 - Bing video.mp4,7d52858f52056c3aac4f28d2d30b324a3151cc244d5b23470f82dbacbac5b9ff,0001-01-01,EroMe,daddy|bing|me|joi|in,,
E:\downloads_backup\Cum4K.19.11.05.Audrey.Hempburne.Filled.By.Stepbro.XXX.1080p.mp4,f2765f1013a47cfb6188592ff88ac4fc1888490c60be4494578e2472c1ca90ee,2019-11-05,Cum4K,audrey,,
E:\downloads_backup\DeepThroatSirens.19.05.24.Compilation.Volume.2.XXX.1080p.mp4,5428d9000bacc19033750c83bff5501eff7521d297f7756fa5903e6ccb0b96a4,2019-05-24,DeepThroatSirens,deep,,
E:\downloads_backup\DeepThroatSirens.19.07.25.Lucy.Love.XXX.1080p.mp4,a4665625eff5f35d15247dc6cbabeeb5368cc32a49933559f88ea577558d306d,2019-07-25,DeepThroatSirens,deep|lucy|love,,
E:\downloads_backup\DeepThroatSirens.19.11.04.Amina.Fara.XXX.1080p.mp4,52f9bba2f1ce76e15a019691289a981002810101b06514ed0a54c19afd83552f,2019-11-04,DeepThroatSirens,deep|amina|fara,,
E:\downloads_backup\DeviceBondage.19.11.14.Juliette.March.XXX.720p.mp4,3169055b6ecf5ca2a8227280c72d60ee40ec91c8db4fe0937822f5c68fe255f2,2019-11-14|2014-11-19,TabooPOV,juliette|bondage|march,Juliette March,
E:\downloads_backup\Dirty Cuckold Older Wives Unleashed - Bing video.mp4,6a6a51528ed7d6a3fb7c1e9a0ade7be8e2fd93ef5fb034916fff9681cc7829e1,0001-01-01,Unknown,bing,,
E:\downloads_backup\Dirty Old Pervert Porn - SpankBang.mp4,d0a56f0caa7e5615dc745847d38ccc3cdbfb57d47502924097ded793cdd4cb40,0001-01-01,SpankMonster,bang,,
E:\downloads_backup\Dont-Break-Me-Arya-Fae-720p.mp4,68035c12844c4e853f7190facc425d1be76957af0ae76c14cbd6c136b52b5b96,0001-01-01,EroMe,me|fae|arya,,
E:\downloads_backup\Dont-Break-Me-Ziggy-Star-720p.mp4,e75c5d2298d964da13b1874f85d4e4987cc2fb7a78c4e3f42b3a5181949f2946,0001-01-01,EroMe,star|ziggy|me,Star,
E:\downloads_backup\EverythingButt.19.11.15.Kendra.Spade.And.Dee.Williams.XXX.720p.mp4,25289847d8aab9c6d7f316c13e5d46272754251ad5fc8caee6d9d03830cff0fa,2019-11-15|2015-11-19,SexAndSubmission,williams|dee|kendra|spade,Kendra Spade|Dee Williams,
E:\downloads_backup\EvilAngel.19.10.29.Hime.Marie.Interracial.Anal.XXX.1080p.mp4,25125c858b3ed530aefe11712d1f007f02bfc901274a4085d5f68e5c84d9c48e,2019-10-29,EvilAngel,marie|angel,,
E:\downloads_backup\EvilAngel.19.11.11.Ana.Foxxx.A.For.Anal.XXX.1080p.mp4,5e3f8acdbca0dda1657cac8ce59614ef7aa34f235dea180be281e3fe1bed6e69,2019-11-11,KatieBanks,ana|foxxx|angel,Ana Foxxx,
E:\downloads_backup\EvolvedFightsLez.19.07.03.Bella.Rossi.And.Serene.Siren.XXX.1080p.mp4,76f1491e18460af7912ddf28063c21153ae397dfba10bf3fd1b9496ae337b3df,2019-07-03,EvolvedFightsLez,serene|bella|siren|rossi,Bella Rossi,
E:\downloads_backup\EvolvedFightsLez.19.07.10.Ariel.X.And.Red.August.XXX.1080p.mp4,0dec789c49bd813b31459224aaa70e34a513057221205e174d3d65958387d534,2019-07-10,EvolvedFightsLez,x|ariel|august|red,Ariel X,
E:\downloads_backup\f6kxH2dh_480p.mp4,4bb09ddff0323fc5a548db3b8341a6bf7e03234d596f6653b8d5744dd1f9e71e,0001-01-01,Unknown,,,
E:\downloads_backup\Fucked up blonde girl admits to real life taboo shit involvi.mp4,94628478d3c329c889c21a27b59a2656bf7be8fc03c4eef0e38f7de37d9b6286,0001-01-01,Unknown,girl|real|life,,
E:\downloads_backup\Fucking Your Trashy - Slutty Mom - Bettie Bondage - Bing vid.mp4,3686e543ac768623b73ea847bbdcd53d061375cbc6dcbbaf101d30ba981cf534,0001-01-01,Unknown,bettie|bing|bondage,,
E:\downloads_backup\FuckingMachines.19.10.23.Jillian.Janson.XXX.720p.mp4,5df3fc44ec1dc8476b0fcd76f8103238f41fd3bf0b6ac9369f90aab15e3ce069,2019-10-23,FuckingMachines,jillian|janson,,
E:\downloads_backup\FuckingMachines.19.11.06.Gia.Milana.XXX.720p.mp4,24f0719e2b7c8fbef4f2855170ee219cfbef51b51abd1fa810342f6f6a2fc908,2019-11-06,FuckingMachines,milana|gia,,
E:\downloads_backup\Gabriela.Lopez.(Mop.And.Blow)-LatinaAbuse-LatinaThroats-Episode.mp4,23720b2c9f0af93dd8afac3b3061e13a35efc847886d732d5f7b4506d91bad50,0001-01-01,LatinaAbuse,lopez|latina|gabriela,,
E:\downloads_backup\GirlCum.19.10.26.Hime.Marie.Cum.Bound.XXX.1080p.mp4,6438cd5b2ce5fa92229d030cd8b7324f67ff12419cebe5a6a40a0f115bdf79bc,2019-10-26,GirlCum,girl|marie,,
E:\downloads_backup\GirlsOutWest.19.10.27.Isla.May.My.View.XXX.1080p.mp4,bd9c042bf287676a408ac3d298ee1b6788e22c92b4ffe53b3aab03d2558b3c69,2019-10-27,GirlsOutWest,may|my|isla|west,,
E:\downloads_backup\GirlsOutWest.19.10.28.Edie.Pussy.Petal.XXX.1080p.mp4,2ccc35b0c2a21e5db514182b7402a1f68ced48380004e4feca64da9892011b5f,2019-10-28,GirlsOutWest,edie|petal|west,,
E:\downloads_backup\GirlsTryAnal.19.10.27.Penny.Pax.And.Chanel.Preston.Reluctant.Realtor.XXX.1080p.mp4,f8f1262db912eba571eef968363df8fd46be453852c06c3eee1434ebd3bf8f9a,2019-10-27,SexAndSubmission,chanel|preston|pax|penny,Chanel Preston|Penny Pax,
E:\downloads_backup\GloryHole.19.10.28.Lilly.Bell.XXX.1080p.mp4,ce36a4668c462c83fd989c2de8ef550ecdb17d564f94c1ecfa7ea541fc533dbc,2019-10-28,GloryHole,bell|lilly|glory,,
E:\downloads_backup\GloryHole.19.11.25.Vanessa.Vega.XXX.1080p.mp4,0be7071a88d205ea137f2c4a614129d37af13b3cd155d3eff4822acbcb63a186,2019-11-25,GloryHole,vega|vanessa|glory,,
E:\downloads_backup\grannies - Bing video.mp4,ba36a06546b7704e9a099e8ca3121d16d5f4b4bcaa8eb283bc9b25154e586c3c,0001-01-01,Unknown,bing,,
E:\downloads_backup\Granny Begs Grandson For Sex - Bing video.mp4,7bc24a6413c0fed00a2330bcd285d02916c7ff3ab6b818a785f27316ac427c1f,0001-01-01,Unknown,bing,,
E:\downloads_backup\Hippie girls fingering - Bing video.mp4,9f054f277390aeb82099412b2adca76df401656553dd2305b484a8f36b80b614,0001-01-01,Unknown,bing,,
E:\downloads_backup\Holed.19.10.31.Lily.Adams.Trick.Or.Treat.Anal.XXX.1080p.mp4,53b9ed6ae13e09df5d522413170244cd5b5f79718a4cb92672e144cf8d6a8685,2019-10-31,HushPass,adams|treat|or|lily,,
E:\downloads_backup\Horny teacher loves giving lessons in Dildo fucking - Bing v.mp4,723fd8d0a0bf05409b1e2298e8ed009f7b3dbe85b3c4b971f54fef3be0b6692e,0001-01-01,Unknown,in|bing,,
E:\downloads_backup\HotAndMean.19.10.23.Isis.Love.And.Ariella.Ferrera.MILF.Witches.Part.1.XXX.1080p.mp4,c64353cebb6b551ad04cab6128120c14c8fea65eba237b48442bbed8d149ce0b,2019-10-23,Hustler,ariella|love|isis,Isis Love,
E:\downloads_backup\HushPass.19.11.22.Sindee.Jennings.XXX.1080p.mp4,61a56b597c4082f59002e4360aa6631c4908a98a11fbabc183b636f9c8321f58,2019-11-22,HushPass,jennings|sindee,Sindee Jennings,
E:\downloads_backup\IKnowThatGirl.19.10.31.Abella.Danger.Fuck.With.Caution.XXX.1080p.mp4,c02e70f5752843d412db070bb7bfa93eec28ab3641eb0bf295e3787ea31fca33,2019-10-31,IKnowThatGirl,danger|girl|abella,Abella Danger,
E:\downloads_backup\InterracialPass.19.10.30.Mandy.XXX.1080p.mp4,8a7fb142a501d375ba93d0fc8aa1ea98b38058269552e25faa23136ff734278d,2019-10-30,HushPass,mandy,,
E:\downloads_backup\InterracialPass.19.11.15.Casca.Akashova.XXX.1080p.mp4,f59905a769527d71d73edd43d2ef1c51759013a2f404efbdcf4d80d643144204,2019-11-15|2015-11-19,HushPass,,,
E:\downloads_backup\InterracialPass.19.11.20.Jersey.XXX.1080p.mp4,035bb37a19c0efa616a536ed9d784e59cc9d4213a9f6a864918384c4394268aa,2019-11-20,HushPass,jersey,,
E:\downloads_backup\InterracialPass.19.11.22.Natalia.Queen.XXX.1080p.mp4,53a428f7a50f8be910147d6495a1105ce53d81f42ee0e614f5c48711a3da6e46,2019-11-22,HushPass,natalia|queen,,
E:\downloads_backup\InterracialPickups.17.12.28.Hannah.Hays.XXX.1080p.mp4,2a59a3807f4334f240dae7d592f249ac5d93e0e107d6e2d791e739c49a4b8ba2,2017-12-28,InterracialPickups,hannah|hays,Hannah Hays,
E:\downloads_backup\InTheCrack.E1567.Kiara.Cole.XXX.1080p.mp4,ab86d2f660fc9aac3c8d1d0a8da7193260334e8c6b15d08eb03db539d9050567,0001-01-01,InTheCrack,in|cole|the|kiara,,
E:\downloads_backup\Invading my Very Wet Pussy - Bing video.mp4,b2d3110227b24dca9db197356a0d62c2a5b116f3c54c99b15336d4172b7cc324,0001-01-01,Unknown,bing|my,,
E:\downloads_backup\Jerky Girls - Miriam Glick - Amish Girl - Bing video.mp4,8516d72704ae7ea69aea852cffccf1f8e9c84fa8ce6e8a1a0c4a83613848db08,0001-01-01,Unknown,amish|bing|girl|miriam,,
E:\downloads_backup\kink\10436_Max.mp4,44e83270f4e696a917083ed2ee599164e6e5e15166f791865022bd8e568be4bf,0001-01-01,60PlusMilfs,max,,10436
E:\downloads_backup\kink\14191_Aiden_Lyla.mp4,25f527e18dd999ec8d46d87340866194875f5978b69d7b6f3f307eb7b424be6c,0001-01-01,WhippedAss,aiden|lyla,,
E:\downloads_backup\kink\17814_HallofFamep3.mp4,190fd7e4d4b607ad6f7746d9afdf43c2bee1e6055707b6899df92c0607b587a1,0001-01-01,60PlusMilfs,,,
E:\downloads_backup\kink\2317_erica.mp4,2e7b6313490684186a80afd24624359de217be2e5a4c6ac78b448b161859a746,0001-01-01,Puretaboo,erica,,2317
E:\downloads_backup\kink\26359_Tormented_Amber.mp4,ceb9326019f9139e7647fb086148e637d838efdc8cf8ae565fde3bf7d6142644,0001-01-01,Unknown,amber,,
E:\downloads_backup\kink\26928_Tia_Ariel_Chanel.mp4,d0370c4ccc7dd97c74d097b7ff20e55dbea8f372ce4c0b567f29b38131e112b6,0001-01-01,FacialAbuse,ariel|tia|chanel,,
E:\downloads_backup\kink\28191_TiaLing.mp4,d875ecf37c5e4d8e885eb9bbca67769b3b8449974159ea7ff22bfb6a9d5363cb,0001-01-01,FacialAbuse,ling|tia,Tia Ling,
E:\downloads_backup\kink\29122_Aiden_Amber.mp4,0a0d1dd79073c2e0167c9f6e4e9689f2b80f30ddd87699af6b86000436cb1d40,0001-01-01,Unknown,aiden|amber,,
E:\downloads_backup\kink\3042_iman.mp4,61c1caa07af01aa8043b94db809d2a6bdb5fe348212eff52465679089ada390d,0001-01-01,60PlusMilfs,iman,,3042
E:\downloads_backup\kink\32092_Kristina_Amber.mp4,57bbbe5d0ec9bcb8c3018e72345e2d505c997bb30e61ff4964cca1defd30bb0a,0001-01-01,Unknown,kristina|amber,,
E:\downloads_backup\kink\33911_Lyla_Ana.mp4,1bc461a0388a2cf56aa7f845e7ccacab811004a69f3354163aa5bc31d453266e,0001-01-01,UltimateSurrender,ana|lyla,,
E:\downloads_backup\kink\34075_bobbi.mp4,e96494cd1b9b27b55f3f335695549614fe76a299e2e4056a8e28d77f19515483,0001-01-01,InterracialPass,bobbi,,34075
E:\downloads_backup\kink\34457_amber.mp4,0cd13c36209c02ad7d0866a311767a5b8a6d77f059f56d253ff4cc0f93ee085e,0001-01-01,Unknown,amber,,34457
E:\downloads_backup\kink\34709_annie.mp4,a7ab82429d72fed59a9a36715705c6a287fa0e61a59029618ebce1404d59ecd8,0001-01-01,FuckingMachines,annie,,34709
E:\downloads_backup\kink\3658_Keeani_Kat_Annie.mp4,2854f926844f5ae55c3f329b2e1109907e7d38305dcc70e101cac336414b639f,0001-01-01,FuckingMachines,annie|kat,Kat,
E:\downloads_backup\kink\3698_annie_darling.mp4,ed01ad6166a65bd3abeb15db77ac0cfdc0796875109654316677bccb3326778c,0001-01-01,FuckingMachines,annie|darling,,
E:\downloads_backup\kink\38861_Chanel_Caramel.mp4,b35a954ad300ec685ab9592f4ce093c791437daf40603bb8e572d01b775930e4,0001-01-01,Submissived,chanel,,
E:\downloads_backup\kink\39035_TSFoxxy_CaramelS.mp4,5b7f4f5d1745fe33e027a43ea9461d6cda1808cc1c953c062e3fcfc712ec6de6,0001-01-01,Unknown,,,
E:\downloads_backup\kink\39566_annie_cherry.mp4,d724b05cc28a51e43e378fb0ea736c6129fb04eb5d763e16be6229eb4aa6cb77,0001-01-01,FuckingMachines,annie|cherry,,
E:\downloads_backup\kink\39611_tigerr.mp4,4db01e1b87cd8935b24539c4eb97dcd284f465cd76aa90588455c2204b937648,0001-01-01,60PlusMilfs,,,39611|tigerr
E:\downloads_backup\kink\40972_blam.mp4,1888eba9c5a70c6b4f0bb86698bed474de61b0bef8f61ab6a07b951d911e6acb,0001-01-01,60PlusMilfs,,,blam|40972
E:\downloads_backup\kink\42219_frfr.mp4,6fe36a45588674e00fcf8ac859ece3702249f6a6fd44597ea1461baf954a4e43,0001-01-01,60PlusMilfs,,,42219|frfr
E:\downloads_backup\kink\44229_Kelli.mp4,d1766c732ba9eeb7dd6c142eae04e289ec5359e5a6b336c9a0f1eb3c42524922,0001-01-01,UltimateSurrender,kelli,,44229
E:\downloads_backup\kink\44312_JessicaF_ArabelleR.mp4,fd689cb8435653bfe08704996e98e77fc07c6ae6fe4b99d005d825e687d387ae,0001-01-01,Ifeelmyself,arabelle|jessica,,
E:\downloads_backup\kink\44912_AlexaKelli.mp4,314e55f2e8a2a050e7bbcb92a2f7b3ae383ac9397758cf854ffffd9a8ae48c17,0001-01-01,UltimateSurrender,kelli|alexa,,
E:\downloads_backup\kink\44969_foxxx.mp4,3add59a91b1540e0a38d755bfe9dd9a5c275fce47e8943a2c4ed0e226bfd9119,0001-01-01,WhippedAss,foxxx,,44969
E:\downloads_backup\kink\45189_KennedyWilliamsPiper.mp4,3d30d1825c28dcdf8e6eda9ec6cec1ad61e77cb582e428e95f19b348119f9d21,0001-01-01,MonstersOfCock,piper|williams|kennedy,,
E:\downloads_backup\kink\45230_EB.mp4,4b3b116dc051ec77da2e2c77f90509e532f1ee36d30e9240e73c777b12de68cf,0001-01-01,60PlusMilfs,eb,,45230
E:\downloads_backup\kink\45241_Ana_Stirling.mp4,935c5c6cee9a92a1b0bf0ee80a032bacfc2ed2af3a9bb21bc0bfda976f34d71d,0001-01-01,Ifeelmyself,ana|stirling,,
E:\downloads_backup\kink\45295_Havana.mp4,640a534991c7c178a0f0629aceeb3cd297f47930c8bf78b185b46edbdde6be43,0001-01-01,60PlusMilfs,havana,,45295
E:\downloads_backup\kink\45303_TUF.mp4,c555b4eee8799044dd622b825a397f6024227f1b6b2dbf1eb05883c99c528923,0001-01-01,TheUpperFloor,tuf,,45303
E:\downloads_backup\kink\45357_Fiona.mp4,0da414414bbbd00ac602fde54d2c5a3aba9c81261da0582e64c6663d8bcb6ea4,0001-01-01,60PlusMilfs,fiona,,45357
E:\downloads_backup\kink\45385_IronySpohie.mp4,b2d9174acaae53798c1a24fcfa4f5e826abbca0957e7c8ad5f81ac1f68d31199,0001-01-01,60PlusMilfs,,,
E:\downloads_backup\kink\45404_OceanBlack.mp4,2c74cb0d89470a780d19f5b42eb2abe9e9af8e88ac902c2fc69ca6e45fa6cd27,0001-01-01,SubmissiveX,black|ocean,,
E:\downloads_backup\kink\45417_Starla.mp4,64a8707dc7f9b2bb8033a5757dddf4cb25daead15dabb6ec0abe105aa745f88b,0001-01-01,60PlusMilfs,starla,,45417
E:\downloads_backup\kink\5057_Amber_Annie_Isis.mp4,d214f9e6c785fd5da1a03297adeb6cee7525758b5e3b1b40d8ae6bb6a14b8f67,0001-01-01,FuckingMachines,annie|isis|amber,,
E:\downloads_backup\kink\5394_rain.mp4,b363395521108caf4eb6bcabb79b65e8bbd257d23aca63ace957602b22e59685,0001-01-01,BrothaLovers,rain,,5394
E:\downloads_backup\kink\5412_RainDegre.mp4,1687d641c1d224259a684c229163a67bb7162147a51d6e5334c3ff3fd5d80f8b,0001-01-01,BrothaLovers,rain,,
E:\downloads_backup\kink\5886_bobbi_tia.mp4,b771f4db4b06241492a9b4282715081cc903850c9a23c19cfffb9652af500e8e,0001-01-01,FacialAbuse,bobbi|tia,,
E:\downloads_backup\kink\6562_annie_tia.mp4,6a43526a2df65031bb4f53921da8eb48ff748b9b147dc2c39cd18fba4aeac72e,0001-01-01,FacialAbuse,annie|tia,,
E:\downloads_backup\kink\6598_Madison_Amber.mp4,2e4768b260d5f45ec9553b90071d63f7c910a656b9935dda686e5991fdba91b7,0001-01-01,Unknown,amber|madison,,
E:\downloads_backup\kink\7298_amber_ariel_rain.mp4,4d2b23a408024761da2617e3559e29997d26f647257f64fc1286974a84352630,0001-01-01,SubmissiveX,rain|ariel|amber,,
E:\downloads_backup\kink\7299_amber_ariel_rain.mp4,e5447af2e95ee7fe06483cbdb2f5b936167708566228d38aa36ed43c9d43de94,0001-01-01,SubmissiveX,rain|ariel|amber,,
E:\downloads_backup\kink\7300_rain_amber_ariel.mp4,ee58ad133f0609dd089cdf1e733953805bd0c42551c3b8f2240dffd85e7414e6,0001-01-01,SubmissiveX,rain|ariel|amber,,
E:\downloads_backup\kink\7575_amber_rain_ariel.mp4,a0bda88aba8e69d449583ad38b3665994c52d75b36c79500490ca3baae91b160,0001-01-01,SubmissiveX,rain|ariel|amber,,
E:\downloads_backup\kink\770_s04_kelena.mp4,d3cbe6eb76f0fbb349a8c79c487b9bc4b73100ff05df85e92c04ef9d3f08af26,0001-01-01,60PlusMilfs,kelena,,
E:\downloads_backup\kink\7953_s04_dia_rain.mp4,9bedd8e12ad0de06c1dc8066d44a0d6236669b3adc47fb17ff28ffbf882be6e7,0001-01-01,Unknown,rain|dia,,
E:\downloads_backup\kink\8162_Rain.mp4,298e9fc404afbfbb3637505e73919f26d5f83ff19b5d01b82aa151291fd945b1,0001-01-01,BrothaLovers,rain,,8162
E:\downloads_backup\Madison Hart POV Creepy Age Play Submissive Dirty Talk Blowj.mp4,e787ab5529a27c65522d532db065851fd4541956a8407b3def23a94ec1baf505,0001-01-01,MomPov,madison|hart,,
E:\downloads_backup\Mature Freak Talking Dirty and Swallowing - Bing video.mp4,73f176a50aedc125c5d0f9f60cb9ef403f0305302f000e76d70c3037f204108e,0001-01-01,Unknown,bing,,
E:\downloads_backup\Mmmm Porn - SpankBang.mp4,c583831127fbc669592cce9087d7767c06bd01b91934c6f936e6d3a0c32c46c2,0001-01-01,SpankMonster,bang,,
E:\downloads_backup\MommysGirl.19.10.12.Gianna.Dior.Aiden.Starr.And.Emma.Starletto.The.Better.Babysitter.XXX.1080p.mp4,e9af0f4cc719e31baa75536d1302517b09ff198e40f6a55d8ecf17741fa08b8a,2019-10-12,MommysGirl,aiden|the|emma|gianna|starr|girl|dior,Aiden Starr,
E:\downloads_backup\MommysGirl.19.10.26.Emma.Hix.And.Christie.Stevens.Quit.Being.Such.A.Princess.XXX.1080p.mp4,09d8ccd52c3c5205a003e739545b58e272aa8c3f7c36f1306b835705bb229aa9,2019-10-26,AGirlKnows,christie|hix|princess|emma|girl|stevens,Emma hix|Christie Stevens,
E:\downloads_backup\MonstersOfCock.19.11.24.Kyler.Quinn.XXX.1080p.mp4,456939671b945c4c48a1f250261a1627e771174eb8af2373b94e4929ff0afc4e,2019-11-24,MonstersOfCock,quinn|kyler,,
E:\downloads_backup\mothers and NOT their daughters Role Play - Bing video.mp4,fe0703d50ccf533ba0e51a6afafa1a5ea1d3eb3670d7ebe387bd1075225ca491,0001-01-01,Unknown,bing|not,,
E:\downloads_backup\My Purring Wet Pussy. My pussy lips get the magic wand treat.mp4,2734940b1a7d88606a203dbc63a354190527b868262a5f3118b813b817c276d4,0001-01-01,LiseySweet,magic|treat|the|my,,
E:\downloads_backup\MyLifeInMiami.19.10.30.Julz.Gotti.Hot.Delivery.Girl.XXX.1080p.mp4,5ea02ccfa272db3c6c1afa8a63c680fe1e8116e59be558fd026461566e15ca6c,2019-10-30,LANewGirl,life|gotti|miami|in|girl|my,,
E:\downloads_backup\Oops! StepMom's Super Horny! - Bing video.mp4,4b05559a29646a82e2c550ee8b775f94faca6bfe5afa134b708e70d76866e40d,0001-01-01,Unknown,bing,,
E:\downloads_backup\PlayboyPlus.19.10.29.Abella.Danger.Inner.Awakening.XXX.2160p.mp4,f1af13a652dccf7120820239bc8d592c06bff0279a772062cf33c978260e34db,2019-10-29,PlayboyPlus,danger|abella,Abella Danger,
E:\downloads_backup\PornMegaLoad.19.10.29.Mandy.Thai.Mandy.And.The.Fuck.Machine.XXX.1080p.mp4,031cdfbf9f5666aaace0074a3a491f0c7b445f8831eff0a9cdd2df12ce2185a0,2019-10-29,PornMegaLoad,mandy|thai|the|mega,,
E:\downloads_backup\PornMegaLoad.19.11.06.Micky.Lynn.Vs.The.Fuck.Machine.XXX.1080p.mp4,a2d7917d5c4b9aebec27eabf2cb9f1568b9a65738109e5f7a9f980fc3f9318a9,2019-11-06,PornMegaLoad,lynn|the|micky|mega,,
E:\downloads_backup\PornstarPlatinum.19.11.08.Alura.Jenson.And.Dee.Williams.Spa.Love.XXX.2160p.mp4,0cf9e39d8dadd9ec6dd4af199011cfc29f37d5d7f12cb99364d98c3fa61872ea,2019-11-08,PornstarPlatinum,williams|jenson|platinum|love|alura|dee,Dee Williams|Alura Jenson,
E:\downloads_backup\POV Mommy Sucks You Dry - Bing video.mp4,510c1378f0a1df899681e113b60841f8e494a90d6ecaece920ce41e95b09b1c2,0001-01-01,Unknown,bing|you,,
E:\downloads_backup\POVPerv.E133.Carla.Cruz.XXX.1080p.mp4,8453b6e86bd3b7477a8f75bbe12991d301e5070409bdb85e38534a1d24f24dca,0001-01-01,TeasePOV,carla|cruz,,
E:\downloads_backup\prev_21979407.mp4,6caf32e1c4f00aa5197f63ac29da628d6e8fba0b99208263c113ee2ed78111db,0001-01-01,60PlusMilfs,,,prev|21979407
E:\downloads_backup\prev_22196947.mp4,836dbd767583c835a79d1fd96c646a6039862e6e4771da0edaa1681da0ec93de,0001-01-01,60PlusMilfs,,,prev|22196947
E:\downloads_backup\Princesstess32 AgePlay Show - Bing video.mp4,7ef471a2e2f5ddf247ea004c3e8cac1f09f35d12dcc22ee270f5d7cdb5472ba4,0001-01-01,Unknown,bing,,
E:\downloads_backup\Private.19.11.09.Luna.Rival.Enjoys.Anal.With.Black.Stud.XXX.1080p.mp4,64db10f2cedcb42c0074bc8b8b42b098d7073c7f9b79a38760e6ea1a804a7b74,2019-11-09,MatureGapers,black|luna,,
E:\downloads_backup\PrivateSociety.19.10.22.Confirming.Our.Suspicions.XXX.720p.mp4,97c6f9b3c83a69bf5bb643abfe39f5d2be68686aad1b2eee0781275a39f475c3,2019-10-22,PrivateSociety,,,
E:\downloads_backup\PrivateSociety.19.11.08.She.Must.Really.Want.The.Job.XXX.720p.mp4,cb2850c33421c1532c343d591b157ef34f65ff423c8a587a6a34704b28c838e6,2019-11-08,PrivateSociety,job|she|the,,
E:\downloads_backup\PureMature.19.10.22.Havana.Bleu.Stepsons.Silent.Seduction.XXX.1080p.mp4,5d7231d904ee1c51ffbb1fe82d1b5252633072315a550af2ee1d0a7138bf13b6,2019-10-22,MatureGapers,havana|bleu,,
E:\downloads_backup\QueenSnake-Ping.Pong_.Holly.19.10.mp4,f6d5f5cf21a736c1d5a44997235a453cef72ca0ef95ebe5d39d8d9cd58660314,0001-01-01,QueenSnake,pong|holly|ping|queen,,
E:\downloads_backup\QueenSnake-Wheel.Of.Misfortune_.Holly.19.09.mp4,3f28bb87a2aa43b0d6b6baad05d0113cb14a1df929e42f21e05fdb20a318fec6,0001-01-01,QueenSnake,holly|queen,,
E:\downloads_backup\RKPrime.19.10.28.Abella.Danger.Distract.Your.Opponent.XXX.1080p.mp4,b33cc1bc233437a50f7c126663487d66f5d19ddfde19d7f23acb1386d0e7d024,2019-10-28,KinkySpa,prime|danger|abella,Abella Danger,
E:\downloads_backup\School Teacher GRANNY gets FUCKED - Bing video.mp4,a12a38e1f87755e1f17a54418386a0273160c80c5d5570bda2c515080f4e684f,0001-01-01,Unknown,bing,,
E:\downloads_backup\SexAndSubmission.19.11.22.Kate.Kennedy.XXX.720p.mp4,2020bba904a2b3a8ef7f99bef4f10412caf699fb93027424e6e5c12254302535,2019-11-22,SexAndSubmission,kate|kennedy,,
E:\downloads_backup\Submissive Milf Skylar First Black Cock part 2 - Bing video.mp4,5691512c6d7f476c712ac52bb6472dc89f4569dc5c305383c71955df90dc7ff3,0001-01-01,SubmissiveX,skylar|bing|black,,
E:\downloads_backup\Submissive Wife will fuck as ordered p4 - Bing video.mp4,da1c5955e15dd594dffe4c58e007a4466945d05d468c995dc13032965b9b2bfb,0001-01-01,Unknown,bing|will,,
E:\downloads_backup\Submissive Wife will fuck as ordered p5 - Bing video.mp4,b8daf7758e16c96cd3657688332265afb4c531c56e8479882bc04e0a72484e5d,0001-01-01,Unknown,bing|will,,
E:\downloads_backup\Submissive Wife will fuck as ordered p7 - Bing video.mp4,d3f6251583eaa489962f3c2c7d0bfbc31d336ac3706ff4263039ea6e3df725db,0001-01-01,Unknown,bing|will,,
E:\downloads_backup\Submissive wife will fuck as ordered p9 - Bing video.mp4,981062149f4c7aaae9185157eb7d9f56d66eb7f344f5a88400eb459cbe5d58cf,0001-01-01,Unknown,bing|will,,
E:\downloads_backup\Submissive wife will fuck as ordered part 44 - Bing video.mp4,997a951a1bfd7fbdf3f2111a8bd087379ce940cc2e8da388ccbe9887a49c3cd8,0001-01-01,Unknown,bing|will,,
E:\downloads_backup\Sue Palmer Slave Slut - Bing video.mp4,e27c75cc5b87d7cd3c013558f2912c77484c1e6c1321512d05910623b7ab2b60,0001-01-01,Unknown,palmer|bing|sue,,
E:\downloads_backup\Taboo Age Play Daddy's Little Girl (Part 2) - Bing video.mp4,a5a481fdddd8f8384d95a89e7f4da9cf51709d87cd8328e26ead0a842a71d78f,0001-01-01,Unknown,daddy|bing|little|girl,,
E:\downloads_backup\TabooPOV.19.10.28.Izzy.Lush.XXX.720p.mp4,2a7251039456c7ddaebe7485dd4950f88d590b36c6eb9c20ce47fb216a0a05bf,2019-10-28,TabooPOV,izzy,,
E:\downloads_backup\TeenTugs.19.10.24.Natalia.Nix.XXX.1080p.mp4,2ef54a35b93aa208b7fcb4cc6b587f48a6ddfcebbf66e0b18e3289c2b795eaca,2019-10-24,Cum4K,nix|natalia,,
E:\downloads_backup\Throated.19.11.08.Daisy.Stone.The.Throating.Of.Daisy.Stone.XXX.1080p.mp4,54558afcc9f30aab45ed117ce1503779c52a4fb13725afe5f7929e3ced8beaaf,2019-11-08,HushPass,daisy|the|stone,,
E:\downloads_backup\Tiny4K.19.11.07.Uma.Jolie.Little.Brunette.XXX.1080p.mp4,4ff45c97a6e7d8ef25d97f7a2c283dc531f8eb3938f9199076c54d6e1e07dbd2,2019-11-07,TrueAmateurs,little|jolie|brunette|uma,,
E:\downloads_backup\Tori.Avano.2.(Over.Or.Under)-LatinaAbuse-LatinaThroats-Episode.mp4,5e63cd3302d478c65e1525d105b8ae96208506d11b2d97b37eb9620ec46c7a7d,0001-01-01,LatinaAbuse,latina|or|tori,,
E:\downloads_backup\Tushy.19.10.28.Avery.Cristy.XXX.1080p.mp4,f0ea8bf1517a324a7c3c245ff642ee7755f87b5fc28aa4ab909e90793d20422b,2019-10-28,MatureGapers,cristy|avery,,
E:\downloads_backup\Vex.Voltage.(If.The.Borg.Queen.Were.Goth)-FaceFucking-FacialAbuse-Episode.mp4,56af533e96f492cef573502127ba5f12a305b477a92631f74efa83cb581a91f4,0001-01-01,FacialAbuse,the|queen,,
E:\downloads_backup\WankItNow.19.11.02.Luci.Reign.Go.For.Anal.Part.1.XXX.1080p.mp4,3dcf99c850bc34d185f49d8829fa39c21a255d58a5a219af4f28178057f88a66,2019-11-02,KatieBanks,reign|go|luci,,
E:\downloads_backup\WatchingMyDaughterGoBlack.18.03.15.Hannah.Hays.XXX.1080p.mp4,0b2d8ffa57386833fbdcbaab4d13cc0b95e1814fad5c0b9b1020dff1e54caae8,2018-03-15|2015-03-18,WatchingMyDaughterGoBlack,go|hannah|black|hays|my,Hannah Hays,
E:\downloads_backup\WeFuckBlackGirls.19.11.25.Adriana.Maya.And.Gia.Vendetti.XXX.1080p.mp4,876505e9cc14b44c33be724c8aa8c368a265613e7e6881f6c99b9179eb014883,2019-11-25,TrueAmateurs,maya|black|gia|adriana,,
E:\downloads_backup\Welcome Back Miriam ! - Bing video.mp4,ac9ecb14abeb9fdb98ac834375b301a142634b4c527c1a0e5d81526266ede02e,0001-01-01,Unknown,welcome|bing|miriam,,
E:\downloads_backup\WhippedAss.19.10.24.London.River.And.Kayla.Paige.XXX.720p.mp4,87120a4be140bdc043e2b68b570c0e4824126fa4d8de06572f6b7e324682c428,2019-10-24,SexAndSubmission,london|river|paige|kayla,London River,
E:\downloads_backup\Wife fucks black man for husband - Bing video.mp4,02e1e533ccdf817e5a9f59b2d5848a73e5c4e109f9279d17cd79f7975d9249b7,0001-01-01,BlackForWife,bing|black|man,,
E:\downloads_backup\ZebraGirls.19.11.16.Daya.Knight.September.Reign.And.Bunny.Colby.XXX.1080p.mp4,0f6887c890008b233965a03230a2738c36dc5e30e5befd3c19e5c7b8848b131f,2019-11-16|2016-11-19,ZebraGirls,knight|colby|daya|september|reign|bunny|zebra,Bunny Colby,
E:\downloads_backup\[WMDGB] Ami Emerson - Bing video.mp4,fd9faa69d226cce3fb180b3226bfe3641e93fbee6a2f967ce533ed79f641d239,0001-01-01,Unknown,bing|emerson|ami,Ami Emerson,
